user,file,access_time
ajeeth,file_23.docx,2023-01-01 09:41:00
balaji,file_9.docx,2023-01-01 19:45:00
abishek,file_20.docx,2023-01-01 17:24:00
nandhakumar,file_9.docx,2023-01-01 21:44:00
jeeva,file_6.docx,2023-01-01 20:42:00
priya,file_33.docx,2023-01-01 11:01:00
dhamu,file_20.docx,2023-01-01 05:13:00
nandhakumar,file_50.docx,2023-01-01 15:12:00
rahul,file_9.docx,2023-01-01 04:04:00
sanjay,file_7.docx,2023-01-01 16:49:00
anuja,file_48.docx,2023-01-01 16:02:00
nandhakumar,file_50.docx,2023-01-01 19:08:00
thangakumar,file_25.docx,2023-01-01 04:10:00
bharani,file_45.docx,2023-01-01 19:51:00
bharani,file_47.docx,2023-01-01 14:02:00
priya,file_24.docx,2023-01-01 21:46:00
rahul,file_29.docx,2023-01-01 19:18:00
karthi,file_15.docx,2023-01-01 17:15:00
sanjay,file_31.docx,2023-01-01 06:23:00
sandhana,file_29.docx,2023-01-01 14:49:00
sanjay,file_50.docx,2023-01-01 12:32:00
jeeva,file_27.docx,2023-01-01 05:52:00
bharathkumar,file_39.docx,2023-01-01 04:55:00
maha,file_4.docx,2023-01-01 20:30:00
dhamu,file_36.docx,2023-01-01 03:45:00
jeeva,file_8.docx,2023-01-01 09:05:00
bharani,file_18.docx,2023-01-01 14:57:00
jeeva,file_10.docx,2023-01-01 13:05:00
rahul,file_29.docx,2023-01-01 11:59:00
user1,file_27.docx,2023-01-01 01:25:00
jeeva,file_24.docx,2023-01-01 07:24:00
abishek,file_24.docx,2023-01-01 07:01:00
nandhakumar,file_7.docx,2023-01-01 22:41:00
nandhakumar,file_10.docx,2023-01-01 04:02:00
sanjay,file_31.docx,2023-01-01 22:53:00
ajeeth,file_49.docx,2023-01-01 22:30:00
karthi,file_40.docx,2023-01-01 00:57:00
abishek,file_2.docx,2023-01-01 08:13:00
ajeeth,file_36.docx,2023-01-01 23:38:00
jeeva,file_28.docx,2023-01-01 03:49:00
sanjay,file_16.docx,2023-01-01 09:07:00
abimanyu,file_16.docx,2023-01-01 13:40:00
thangakumar,file_30.docx,2023-01-01 02:07:00
udhaya,file_39.docx,2023-01-01 17:01:00
jeeva,file_37.docx,2023-01-01 07:45:00
ajeeth,file_19.docx,2023-01-01 13:00:00
thangakumar,file_23.docx,2023-01-01 07:36:00
priya,file_12.docx,2023-01-01 21:42:00
abishek,file_34.docx,2023-01-01 11:04:00
jeeva,file_35.docx,2023-01-01 16:50:00
jeeva,file_36.docx,2023-01-01 00:24:00
udhaya,file_3.docx,2023-01-01 20:24:00
dhamu,file_17.docx,2023-01-01 23:01:00
dhamu,file_5.docx,2023-01-01 11:15:00
arun,file_50.docx,2023-01-01 18:47:00
nandhakumar,file_9.docx,2023-01-01 01:22:00
anuja,file_22.docx,2023-01-01 20:11:00
karthi,file_45.docx,2023-01-01 15:40:00
bharani,file_9.docx,2023-01-01 02:45:00
karthi,file_3.docx,2023-01-01 09:12:00
abimanyu,file_13.docx,2023-01-01 01:20:00
sanjay,file_33.docx,2023-01-01 12:52:00
anuja,file_31.docx,2023-01-01 08:02:00
bharathkumar,file_19.docx,2023-01-01 11:55:00
abimanyu,file_42.docx,2023-01-01 10:17:00
arun,file_24.docx,2023-01-01 13:56:00
balaji,file_48.docx,2023-01-01 14:57:00
balaji,file_22.docx,2023-01-01 05:31:00
udhaya,file_24.docx,2023-01-01 16:17:00
abishek,file_47.docx,2023-01-01 13:05:00
priya,file_39.docx,2023-01-01 05:34:00
sanjay,file_21.docx,2023-01-01 03:05:00
nandhakumar,file_43.docx,2023-01-01 09:19:00
karthi,file_39.docx,2023-01-01 22:27:00
bharani,file_45.docx,2023-01-01 14:22:00
karthi,file_3.docx,2023-01-01 23:55:00
dhamu,file_40.docx,2023-01-01 13:17:00
abimanyu,file_5.docx,2023-01-01 21:40:00
balaji,file_24.docx,2023-01-01 16:51:00
bharani,file_2.docx,2023-01-01 04:54:00
thangakumar,file_44.docx,2023-01-01 14:02:00
ajeeth,file_5.docx,2023-01-01 07:49:00
dhamu,file_24.docx,2023-01-01 12:36:00
abimanyu,file_39.docx,2023-01-01 04:43:00
karthi,file_24.docx,2023-01-01 11:28:00
abishek,file_37.docx,2023-01-01 04:33:00
dhamu,file_26.docx,2023-01-01 10:41:00
rahul,file_8.docx,2023-01-02 00:47:00
bharani,file_32.docx,2023-01-02 16:24:00
anuja,file_8.docx,2023-01-02 08:49:00
maha,file_46.docx,2023-01-02 14:13:00
thangakumar,file_19.docx,2023-01-02 22:58:00
udhaya,file_13.docx,2023-01-02 03:08:00
abishek,file_29.docx,2023-01-02 05:57:00
karthi,file_6.docx,2023-01-02 21:54:00
nandhakumar,file_43.docx,2023-01-02 11:45:00
abishek,file_36.docx,2023-01-02 17:18:00
sanjay,file_11.docx,2023-01-02 22:45:00
bharani,file_24.docx,2023-01-02 16:14:00
arun,file_13.docx,2023-01-02 04:15:00
udhaya,file_2.docx,2023-01-02 11:35:00
sandhana,file_24.docx,2023-01-02 14:51:00
anuja,file_9.docx,2023-01-02 19:56:00
abishek,file_5.docx,2023-01-02 09:25:00
udhaya,file_34.docx,2023-01-02 13:49:00
priya,file_37.docx,2023-01-02 02:08:00
nandhakumar,file_42.docx,2023-01-02 02:28:00
karthi,file_44.docx,2023-01-02 16:22:00
ajeeth,file_50.docx,2023-01-02 17:40:00
sandhana,file_12.docx,2023-01-02 04:27:00
jeeva,file_4.docx,2023-01-02 03:33:00
ajeeth,file_20.docx,2023-01-02 05:10:00
nandhakumar,file_46.docx,2023-01-02 07:22:00
jeeva,file_19.docx,2023-01-02 02:16:00
bharathkumar,file_41.docx,2023-01-02 17:17:00
ajeeth,file_41.docx,2023-01-02 09:39:00
anuja,file_6.docx,2023-01-02 16:41:00
bharani,file_38.docx,2023-01-02 18:09:00
bharani,file_43.docx,2023-01-02 19:46:00
thangakumar,file_22.docx,2023-01-02 18:02:00
user1,file_6.docx,2023-01-02 01:41:00
sandhana,file_17.docx,2023-01-02 20:13:00
sandhana,file_27.docx,2023-01-02 19:40:00
user1,file_32.docx,2023-01-02 20:34:00
sanjay,file_42.docx,2023-01-02 09:30:00
rahul,file_44.docx,2023-01-02 12:19:00
karthi,file_5.docx,2023-01-02 22:03:00
bharani,file_29.docx,2023-01-02 13:30:00
karthi,file_14.docx,2023-01-02 10:38:00
ajeeth,file_21.docx,2023-01-02 22:20:00
dhamu,file_26.docx,2023-01-02 04:48:00
dhamu,file_33.docx,2023-01-02 17:06:00
nandhakumar,file_16.docx,2023-01-02 14:07:00
maha,file_29.docx,2023-01-02 07:09:00
arun,file_4.docx,2023-01-02 09:24:00
thangakumar,file_27.docx,2023-01-02 07:55:00
bharani,file_21.docx,2023-01-02 18:46:00
nandhakumar,file_13.docx,2023-01-02 05:31:00
jeeva,file_30.docx,2023-01-02 15:56:00
sanjay,file_32.docx,2023-01-02 00:05:00
balaji,file_33.docx,2023-01-02 14:15:00
bharathkumar,file_38.docx,2023-01-02 11:03:00
abimanyu,file_19.docx,2023-01-02 15:38:00
udhaya,file_19.docx,2023-01-02 17:00:00
arun,file_28.docx,2023-01-02 04:56:00
maha,file_47.docx,2023-01-02 11:48:00
balaji,file_24.docx,2023-01-02 01:25:00
abimanyu,file_37.docx,2023-01-02 17:12:00
dhamu,file_36.docx,2023-01-02 09:04:00
balaji,file_33.docx,2023-01-02 14:48:00
anuja,file_18.docx,2023-01-02 19:43:00
thangakumar,file_8.docx,2023-01-02 04:06:00
balaji,file_24.docx,2023-01-02 10:35:00
dhamu,file_49.docx,2023-01-02 04:12:00
jeeva,file_26.docx,2023-01-03 16:02:00
abimanyu,file_3.docx,2023-01-03 04:45:00
nandhakumar,file_31.docx,2023-01-03 16:29:00
ajeeth,file_39.docx,2023-01-03 16:08:00
nandhakumar,file_40.docx,2023-01-03 10:10:00
balaji,file_40.docx,2023-01-03 23:53:00
sanjay,file_38.docx,2023-01-03 10:32:00
jeeva,file_35.docx,2023-01-03 15:45:00
sandhana,file_20.docx,2023-01-03 15:52:00
user1,file_24.docx,2023-01-03 10:43:00
arun,file_27.docx,2023-01-03 18:19:00
user1,file_39.docx,2023-01-03 15:16:00
sandhana,file_37.docx,2023-01-03 07:46:00
abimanyu,file_38.docx,2023-01-03 15:10:00
jeeva,file_41.docx,2023-01-03 23:39:00
balaji,file_10.docx,2023-01-03 21:15:00
abimanyu,file_37.docx,2023-01-03 22:07:00
bharathkumar,file_2.docx,2023-01-03 14:20:00
priya,file_10.docx,2023-01-03 13:44:00
bharathkumar,file_27.docx,2023-01-03 16:49:00
thangakumar,file_31.docx,2023-01-03 23:46:00
abimanyu,file_46.docx,2023-01-03 04:33:00
bharathkumar,file_36.docx,2023-01-03 10:42:00
udhaya,file_34.docx,2023-01-03 12:20:00
bharani,file_30.docx,2023-01-03 17:21:00
anuja,file_23.docx,2023-01-03 21:49:00
maha,file_40.docx,2023-01-03 15:12:00
rahul,file_18.docx,2023-01-03 17:19:00
rahul,file_20.docx,2023-01-03 09:45:00
bharathkumar,file_45.docx,2023-01-03 22:31:00
nandhakumar,file_31.docx,2023-01-03 11:35:00
maha,file_19.docx,2023-01-03 03:36:00
anuja,file_25.docx,2023-01-03 12:52:00
dhamu,file_50.docx,2023-01-03 04:18:00
abimanyu,file_19.docx,2023-01-03 22:05:00
dhamu,file_29.docx,2023-01-03 20:16:00
udhaya,file_14.docx,2023-01-03 06:52:00
anuja,file_18.docx,2023-01-03 17:44:00
maha,file_9.docx,2023-01-03 03:39:00
sandhana,file_16.docx,2023-01-03 07:03:00
jeeva,file_15.docx,2023-01-03 20:14:00
abimanyu,file_7.docx,2023-01-03 13:21:00
udhaya,file_7.docx,2023-01-03 21:49:00
ajeeth,file_1.docx,2023-01-03 17:59:00
bharani,file_27.docx,2023-01-03 20:59:00
udhaya,file_31.docx,2023-01-03 20:12:00
sanjay,file_21.docx,2023-01-03 09:41:00
abimanyu,file_50.docx,2023-01-03 02:41:00
sandhana,file_15.docx,2023-01-03 17:47:00
abimanyu,file_12.docx,2023-01-03 13:56:00
bharani,file_3.docx,2023-01-03 12:50:00
udhaya,file_12.docx,2023-01-03 23:55:00
sanjay,file_3.docx,2023-01-03 00:19:00
sandhana,file_39.docx,2023-01-03 03:59:00
nandhakumar,file_19.docx,2023-01-03 14:41:00
anuja,file_34.docx,2023-01-03 15:56:00
ajeeth,file_33.docx,2023-01-03 14:17:00
bharathkumar,file_8.docx,2023-01-03 10:10:00
karthi,file_42.docx,2023-01-03 08:45:00
bharani,file_1.docx,2023-01-03 23:21:00
sanjay,file_37.docx,2023-01-03 21:48:00
bharathkumar,file_12.docx,2023-01-03 19:54:00
balaji,file_28.docx,2023-01-03 16:20:00
abishek,file_26.docx,2023-01-03 21:06:00
bharani,file_9.docx,2023-01-03 15:20:00
rahul,file_1.docx,2023-01-03 08:24:00
rahul,file_29.docx,2023-01-03 08:21:00
sanjay,file_38.docx,2023-01-03 23:36:00
user1,file_17.docx,2023-01-03 20:23:00
rahul,file_4.docx,2023-01-03 21:07:00
karthi,file_20.docx,2023-01-03 05:25:00
jeeva,file_46.docx,2023-01-03 09:44:00
arun,file_41.docx,2023-01-03 09:23:00
thangakumar,file_15.docx,2023-01-03 07:08:00
udhaya,file_10.docx,2023-01-03 14:47:00
thangakumar,file_24.docx,2023-01-03 13:44:00
anuja,file_31.docx,2023-01-03 17:51:00
bharathkumar,file_49.docx,2023-01-03 07:43:00
thangakumar,file_6.docx,2023-01-03 16:28:00
jeeva,file_46.docx,2023-01-03 11:04:00
sandhana,file_8.docx,2023-01-03 01:53:00
anuja,file_33.docx,2023-01-03 06:36:00
anuja,file_10.docx,2023-01-03 05:20:00
jeeva,file_29.docx,2023-01-03 03:43:00
bharathkumar,file_46.docx,2023-01-03 18:31:00
abishek,file_33.docx,2023-01-03 14:51:00
abimanyu,file_30.docx,2023-01-03 04:32:00
priya,file_30.docx,2023-01-03 18:03:00
karthi,file_44.docx,2023-01-04 09:46:00
user1,file_26.docx,2023-01-04 08:52:00
user1,file_48.docx,2023-01-04 06:37:00
abishek,file_3.docx,2023-01-04 13:22:00
abishek,file_35.docx,2023-01-04 01:59:00
abishek,file_31.docx,2023-01-04 01:18:00
priya,file_12.docx,2023-01-04 04:49:00
priya,file_24.docx,2023-01-04 12:28:00
balaji,file_25.docx,2023-01-04 02:43:00
anuja,file_9.docx,2023-01-04 20:55:00
dhamu,file_8.docx,2023-01-04 05:34:00
balaji,file_34.docx,2023-01-04 04:46:00
rahul,file_1.docx,2023-01-04 00:19:00
karthi,file_44.docx,2023-01-04 23:34:00
priya,file_35.docx,2023-01-04 12:52:00
rahul,file_16.docx,2023-01-04 14:22:00
ajeeth,file_18.docx,2023-01-04 06:59:00
arun,file_3.docx,2023-01-04 21:26:00
thangakumar,file_50.docx,2023-01-04 00:15:00
bharathkumar,file_5.docx,2023-01-04 03:38:00
abimanyu,file_29.docx,2023-01-04 19:43:00
abimanyu,file_16.docx,2023-01-04 23:02:00
balaji,file_29.docx,2023-01-04 07:34:00
bharathkumar,file_49.docx,2023-01-04 01:08:00
jeeva,file_19.docx,2023-01-04 07:52:00
sandhana,file_21.docx,2023-01-04 18:38:00
nandhakumar,file_16.docx,2023-01-04 09:56:00
ajeeth,file_43.docx,2023-01-04 16:14:00
priya,file_20.docx,2023-01-04 08:03:00
anuja,file_38.docx,2023-01-04 23:58:00
bharani,file_41.docx,2023-01-04 21:27:00
anuja,file_32.docx,2023-01-04 01:22:00
balaji,file_34.docx,2023-01-04 10:44:00
priya,file_27.docx,2023-01-04 04:19:00
balaji,file_12.docx,2023-01-04 17:30:00
rahul,file_15.docx,2023-01-04 09:54:00
ajeeth,file_30.docx,2023-01-04 01:35:00
priya,file_27.docx,2023-01-04 17:33:00
ajeeth,file_25.docx,2023-01-04 07:16:00
bharathkumar,file_22.docx,2023-01-04 20:05:00
karthi,file_24.docx,2023-01-04 02:34:00
bharathkumar,file_4.docx,2023-01-04 08:24:00
thangakumar,file_39.docx,2023-01-04 01:55:00
abishek,file_13.docx,2023-01-04 18:46:00
anuja,file_14.docx,2023-01-04 15:13:00
nandhakumar,file_20.docx,2023-01-04 00:13:00
bharathkumar,file_48.docx,2023-01-04 03:47:00
udhaya,file_16.docx,2023-01-04 22:38:00
bharathkumar,file_26.docx,2023-01-04 07:35:00
nandhakumar,file_50.docx,2023-01-04 09:24:00
karthi,file_35.docx,2023-01-04 20:22:00
sanjay,file_17.docx,2023-01-04 11:32:00
udhaya,file_30.docx,2023-01-04 03:51:00
udhaya,file_49.docx,2023-01-04 10:58:00
bharathkumar,file_24.docx,2023-01-04 10:26:00
abimanyu,file_37.docx,2023-01-04 07:47:00
ajeeth,file_2.docx,2023-01-04 08:35:00
sandhana,file_38.docx,2023-01-04 23:26:00
sanjay,file_10.docx,2023-01-04 06:21:00
rahul,file_25.docx,2023-01-04 18:53:00
rahul,file_32.docx,2023-01-04 17:41:00
nandhakumar,file_17.docx,2023-01-04 15:46:00
udhaya,file_30.docx,2023-01-04 05:46:00
dhamu,file_11.docx,2023-01-04 04:46:00
anuja,file_32.docx,2023-01-04 05:58:00
anuja,file_42.docx,2023-01-04 01:33:00
abimanyu,file_5.docx,2023-01-04 21:03:00
user1,file_27.docx,2023-01-04 04:53:00
rahul,file_5.docx,2023-01-04 22:09:00
user1,file_14.docx,2023-01-04 16:29:00
dhamu,file_4.docx,2023-01-04 19:40:00
thangakumar,file_31.docx,2023-01-04 21:31:00
user1,file_1.docx,2023-01-04 17:35:00
priya,file_1.docx,2023-01-04 00:33:00
maha,file_35.docx,2023-01-04 09:01:00
jeeva,file_45.docx,2023-01-04 21:27:00
bharani,file_7.docx,2023-01-04 03:33:00
ajeeth,file_16.docx,2023-01-04 06:39:00
jeeva,file_17.docx,2023-01-04 11:17:00
balaji,file_6.docx,2023-01-04 11:25:00
karthi,file_37.docx,2023-01-04 07:44:00
rahul,file_20.docx,2023-01-04 21:52:00
abishek,file_42.docx,2023-01-04 20:48:00
abimanyu,file_6.docx,2023-01-04 12:24:00
balaji,file_36.docx,2023-01-04 15:03:00
user1,file_45.docx,2023-01-05 05:05:00
udhaya,file_28.docx,2023-01-05 20:50:00
nandhakumar,file_37.docx,2023-01-05 03:57:00
jeeva,file_3.docx,2023-01-05 07:13:00
sandhana,file_31.docx,2023-01-05 08:02:00
abishek,file_44.docx,2023-01-05 08:57:00
anuja,file_37.docx,2023-01-05 21:02:00
bharani,file_21.docx,2023-01-05 00:13:00
sandhana,file_10.docx,2023-01-05 22:52:00
balaji,file_5.docx,2023-01-05 09:10:00
sandhana,file_16.docx,2023-01-05 18:53:00
balaji,file_44.docx,2023-01-05 17:21:00
balaji,file_49.docx,2023-01-05 23:08:00
abishek,file_33.docx,2023-01-05 23:22:00
abimanyu,file_7.docx,2023-01-05 13:14:00
abishek,file_22.docx,2023-01-05 19:49:00
thangakumar,file_39.docx,2023-01-05 12:49:00
nandhakumar,file_2.docx,2023-01-05 20:17:00
karthi,file_32.docx,2023-01-05 07:22:00
anuja,file_25.docx,2023-01-05 13:11:00
sandhana,file_43.docx,2023-01-05 12:05:00
thangakumar,file_19.docx,2023-01-05 07:45:00
abishek,file_6.docx,2023-01-05 08:09:00
balaji,file_46.docx,2023-01-05 20:09:00
balaji,file_21.docx,2023-01-05 11:06:00
abishek,file_1.docx,2023-01-05 09:28:00
dhamu,file_49.docx,2023-01-05 08:06:00
ajeeth,file_6.docx,2023-01-05 05:27:00
karthi,file_36.docx,2023-01-05 17:32:00
priya,file_7.docx,2023-01-05 00:05:00
dhamu,file_36.docx,2023-01-05 02:38:00
thangakumar,file_21.docx,2023-01-05 12:00:00
sanjay,file_27.docx,2023-01-05 12:49:00
abishek,file_47.docx,2023-01-05 17:57:00
rahul,file_37.docx,2023-01-05 16:10:00
balaji,file_11.docx,2023-01-05 04:17:00
sanjay,file_18.docx,2023-01-05 15:09:00
abishek,file_11.docx,2023-01-05 13:17:00
priya,file_20.docx,2023-01-05 15:50:00
abishek,file_24.docx,2023-01-05 08:15:00
udhaya,file_39.docx,2023-01-05 19:12:00
karthi,file_7.docx,2023-01-05 04:19:00
user1,file_26.docx,2023-01-05 10:53:00
thangakumar,file_25.docx,2023-01-05 10:28:00
nandhakumar,file_28.docx,2023-01-05 20:38:00
ajeeth,file_20.docx,2023-01-05 10:38:00
bharathkumar,file_31.docx,2023-01-05 10:11:00
balaji,file_21.docx,2023-01-05 09:47:00
udhaya,file_37.docx,2023-01-05 07:20:00
balaji,file_18.docx,2023-01-05 12:23:00
arun,file_37.docx,2023-01-05 06:37:00
anuja,file_12.docx,2023-01-05 21:49:00
anuja,file_2.docx,2023-01-05 23:29:00
bharathkumar,file_29.docx,2023-01-05 09:53:00
abishek,file_27.docx,2023-01-05 21:31:00
ajeeth,file_41.docx,2023-01-05 09:15:00
maha,file_43.docx,2023-01-05 04:45:00
priya,file_25.docx,2023-01-05 02:28:00
thangakumar,file_31.docx,2023-01-05 18:25:00
anuja,file_33.docx,2023-01-05 22:26:00
anuja,file_3.docx,2023-01-05 11:44:00
anuja,file_39.docx,2023-01-05 20:58:00
abishek,file_7.docx,2023-01-05 07:42:00
dhamu,file_11.docx,2023-01-05 20:39:00
abimanyu,file_37.docx,2023-01-05 20:43:00
balaji,file_49.docx,2023-01-05 10:50:00
priya,file_7.docx,2023-01-05 00:06:00
maha,file_15.docx,2023-01-05 16:47:00
jeeva,file_36.docx,2023-01-05 18:44:00
sandhana,file_15.docx,2023-01-05 14:23:00
balaji,file_30.docx,2023-01-05 21:37:00
jeeva,file_10.docx,2023-01-05 11:01:00
udhaya,file_7.docx,2023-01-05 09:26:00
abishek,file_8.docx,2023-01-05 23:09:00
dhamu,file_20.docx,2023-01-05 10:29:00
bharathkumar,file_34.docx,2023-01-05 15:22:00
udhaya,file_7.docx,2023-01-05 14:46:00
karthi,file_21.docx,2023-01-05 02:19:00
abimanyu,file_46.docx,2023-01-05 03:01:00
nandhakumar,file_42.docx,2023-01-05 03:43:00
bharani,file_48.docx,2023-01-05 07:33:00
bharani,file_36.docx,2023-01-05 05:21:00
anuja,file_28.docx,2023-01-05 14:14:00
balaji,file_41.docx,2023-01-05 05:11:00
priya,file_26.docx,2023-01-05 00:47:00
thangakumar,file_13.docx,2023-01-05 14:37:00
priya,file_25.docx,2023-01-05 00:45:00
bharathkumar,file_14.docx,2023-01-05 08:48:00
abishek,file_37.docx,2023-01-05 03:51:00
anuja,file_12.docx,2023-01-05 11:20:00
karthi,file_8.docx,2023-01-06 08:42:00
udhaya,file_34.docx,2023-01-06 20:20:00
thangakumar,file_25.docx,2023-01-06 19:25:00
sandhana,file_8.docx,2023-01-06 11:22:00
karthi,file_40.docx,2023-01-06 05:52:00
sanjay,file_40.docx,2023-01-06 18:05:00
ajeeth,file_21.docx,2023-01-06 03:15:00
sanjay,file_8.docx,2023-01-06 05:23:00
ajeeth,file_33.docx,2023-01-06 12:26:00
thangakumar,file_9.docx,2023-01-06 18:24:00
priya,file_12.docx,2023-01-06 15:40:00
anuja,file_45.docx,2023-01-06 20:59:00
bharani,file_36.docx,2023-01-06 05:31:00
sanjay,file_9.docx,2023-01-06 05:20:00
karthi,file_40.docx,2023-01-06 01:55:00
dhamu,file_1.docx,2023-01-06 15:08:00
bharathkumar,file_25.docx,2023-01-06 17:32:00
udhaya,file_27.docx,2023-01-06 21:31:00
priya,file_46.docx,2023-01-06 14:31:00
bharani,file_6.docx,2023-01-06 18:01:00
rahul,file_19.docx,2023-01-06 01:17:00
rahul,file_35.docx,2023-01-06 09:10:00
karthi,file_37.docx,2023-01-06 23:49:00
udhaya,file_36.docx,2023-01-06 16:07:00
sandhana,file_8.docx,2023-01-06 08:49:00
anuja,file_24.docx,2023-01-06 17:52:00
abimanyu,file_49.docx,2023-01-06 23:28:00
anuja,file_14.docx,2023-01-06 13:06:00
rahul,file_20.docx,2023-01-06 01:28:00
maha,file_23.docx,2023-01-06 02:28:00
arun,file_50.docx,2023-01-06 07:13:00
sandhana,file_45.docx,2023-01-06 11:55:00
thangakumar,file_41.docx,2023-01-06 13:10:00
thangakumar,file_9.docx,2023-01-06 06:52:00
bharathkumar,file_4.docx,2023-01-06 18:22:00
anuja,file_18.docx,2023-01-06 19:34:00
bharani,file_21.docx,2023-01-06 22:18:00
sanjay,file_37.docx,2023-01-06 08:54:00
jeeva,file_44.docx,2023-01-06 03:08:00
priya,file_4.docx,2023-01-06 08:55:00
ajeeth,file_45.docx,2023-01-06 04:15:00
ajeeth,file_46.docx,2023-01-06 10:53:00
rahul,file_49.docx,2023-01-06 21:25:00
udhaya,file_10.docx,2023-01-06 18:40:00
maha,file_41.docx,2023-01-06 13:24:00
karthi,file_5.docx,2023-01-06 20:50:00
abishek,file_26.docx,2023-01-06 16:47:00
maha,file_45.docx,2023-01-06 11:29:00
udhaya,file_21.docx,2023-01-06 18:00:00
abishek,file_47.docx,2023-01-06 14:40:00
dhamu,file_5.docx,2023-01-06 17:25:00
bharathkumar,file_28.docx,2023-01-06 06:31:00
maha,file_21.docx,2023-01-06 09:21:00
anuja,file_37.docx,2023-01-06 04:36:00
udhaya,file_22.docx,2023-01-06 21:48:00
abimanyu,file_3.docx,2023-01-06 03:40:00
karthi,file_2.docx,2023-01-06 03:59:00
bharani,file_29.docx,2023-01-06 14:00:00
priya,file_13.docx,2023-01-06 22:58:00
ajeeth,file_42.docx,2023-01-06 09:10:00
maha,file_6.docx,2023-01-06 20:23:00
maha,file_6.docx,2023-01-06 11:42:00
bharani,file_4.docx,2023-01-07 12:40:00
sanjay,file_47.docx,2023-01-07 22:48:00
rahul,file_28.docx,2023-01-07 20:05:00
arun,file_1.docx,2023-01-07 06:30:00
abishek,file_9.docx,2023-01-07 18:14:00
jeeva,file_44.docx,2023-01-07 14:00:00
user1,file_45.docx,2023-01-07 10:52:00
arun,file_28.docx,2023-01-07 22:08:00
udhaya,file_5.docx,2023-01-07 07:24:00
abishek,file_47.docx,2023-01-07 03:06:00
nandhakumar,file_24.docx,2023-01-07 09:08:00
balaji,file_50.docx,2023-01-07 04:41:00
ajeeth,file_5.docx,2023-01-07 16:36:00
user1,file_40.docx,2023-01-07 20:10:00
karthi,file_23.docx,2023-01-07 23:13:00
ajeeth,file_27.docx,2023-01-07 19:43:00
karthi,file_14.docx,2023-01-07 02:57:00
arun,file_9.docx,2023-01-07 03:37:00
balaji,file_23.docx,2023-01-07 13:20:00
ajeeth,file_16.docx,2023-01-07 08:41:00
abishek,file_16.docx,2023-01-07 17:38:00
thangakumar,file_47.docx,2023-01-07 19:18:00
user1,file_43.docx,2023-01-07 09:13:00
jeeva,file_39.docx,2023-01-07 16:12:00
balaji,file_19.docx,2023-01-07 20:03:00
rahul,file_32.docx,2023-01-07 12:07:00
rahul,file_32.docx,2023-01-07 20:38:00
abishek,file_34.docx,2023-01-07 00:23:00
nandhakumar,file_9.docx,2023-01-07 12:55:00
sandhana,file_27.docx,2023-01-07 11:34:00
bharani,file_49.docx,2023-01-07 15:49:00
abishek,file_2.docx,2023-01-07 18:04:00
user1,file_17.docx,2023-01-07 06:02:00
abimanyu,file_26.docx,2023-01-07 16:18:00
jeeva,file_50.docx,2023-01-07 13:27:00
balaji,file_6.docx,2023-01-07 20:34:00
anuja,file_40.docx,2023-01-07 04:17:00
abishek,file_20.docx,2023-01-07 02:32:00
bharathkumar,file_10.docx,2023-01-07 17:20:00
balaji,file_38.docx,2023-01-07 20:48:00
abishek,file_20.docx,2023-01-07 22:27:00
rahul,file_4.docx,2023-01-07 07:05:00
priya,file_8.docx,2023-01-07 14:39:00
thangakumar,file_4.docx,2023-01-07 09:42:00
bharani,file_8.docx,2023-01-07 00:45:00
ajeeth,file_45.docx,2023-01-07 00:10:00
udhaya,file_23.docx,2023-01-07 16:33:00
maha,file_11.docx,2023-01-07 11:08:00
maha,file_47.docx,2023-01-07 03:49:00
user1,file_22.docx,2023-01-07 13:17:00
jeeva,file_5.docx,2023-01-07 08:45:00
sandhana,file_41.docx,2023-01-07 02:31:00
karthi,file_33.docx,2023-01-07 11:03:00
udhaya,file_37.docx,2023-01-07 05:23:00
bharani,file_17.docx,2023-01-07 03:57:00
sandhana,file_44.docx,2023-01-07 23:07:00
rahul,file_48.docx,2023-01-07 16:00:00
abimanyu,file_1.docx,2023-01-07 07:02:00
udhaya,file_24.docx,2023-01-07 12:58:00
ajeeth,file_12.docx,2023-01-07 01:35:00
priya,file_15.docx,2023-01-07 10:15:00
priya,file_47.docx,2023-01-07 10:17:00
abishek,file_37.docx,2023-01-07 11:07:00
jeeva,file_44.docx,2023-01-07 01:11:00
rahul,file_34.docx,2023-01-07 01:25:00
abishek,file_30.docx,2023-01-07 09:49:00
sanjay,file_21.docx,2023-01-07 02:35:00
karthi,file_1.docx,2023-01-07 11:12:00
sanjay,file_37.docx,2023-01-07 09:47:00
thangakumar,file_16.docx,2023-01-07 14:23:00
sandhana,file_32.docx,2023-01-07 06:46:00
anuja,file_49.docx,2023-01-07 07:09:00
user1,file_27.docx,2023-01-07 00:14:00
anuja,file_23.docx,2023-01-07 20:53:00
user1,file_22.docx,2023-01-07 00:48:00
balaji,file_48.docx,2023-01-07 23:19:00
arun,file_14.docx,2023-01-07 16:15:00
priya,file_32.docx,2023-01-07 01:09:00
maha,file_6.docx,2023-01-07 01:58:00
rahul,file_34.docx,2023-01-07 13:44:00
dhamu,file_30.docx,2023-01-07 23:05:00
sandhana,file_7.docx,2023-01-07 16:08:00
balaji,file_5.docx,2023-01-07 18:36:00
abimanyu,file_28.docx,2023-01-07 21:08:00
rahul,file_19.docx,2023-01-07 08:54:00
nandhakumar,file_26.docx,2023-01-07 22:53:00
nandhakumar,file_21.docx,2023-01-07 14:17:00
rahul,file_5.docx,2023-01-07 06:08:00
sandhana,file_7.docx,2023-01-07 04:06:00
bharani,file_29.docx,2023-01-07 14:20:00
priya,file_8.docx,2023-01-07 17:22:00
bharathkumar,file_29.docx,2023-01-08 09:29:00
maha,file_8.docx,2023-01-08 02:10:00
sanjay,file_46.docx,2023-01-08 22:38:00
abimanyu,file_14.docx,2023-01-08 10:09:00
abishek,file_46.docx,2023-01-08 07:22:00
balaji,file_33.docx,2023-01-08 01:43:00
sanjay,file_17.docx,2023-01-08 05:01:00
balaji,file_29.docx,2023-01-08 17:47:00
anuja,file_16.docx,2023-01-08 03:29:00
arun,file_9.docx,2023-01-08 03:00:00
abimanyu,file_50.docx,2023-01-08 07:08:00
bharathkumar,file_26.docx,2023-01-08 11:43:00
abishek,file_38.docx,2023-01-08 18:16:00
abishek,file_2.docx,2023-01-08 02:12:00
karthi,file_9.docx,2023-01-08 02:57:00
nandhakumar,file_8.docx,2023-01-08 01:29:00
abimanyu,file_11.docx,2023-01-08 18:27:00
balaji,file_32.docx,2023-01-08 00:24:00
priya,file_12.docx,2023-01-08 11:13:00
bharani,file_18.docx,2023-01-08 08:28:00
ajeeth,file_3.docx,2023-01-08 19:39:00
thangakumar,file_16.docx,2023-01-08 20:18:00
udhaya,file_27.docx,2023-01-08 17:30:00
abimanyu,file_6.docx,2023-01-08 08:24:00
ajeeth,file_27.docx,2023-01-08 06:41:00
jeeva,file_16.docx,2023-01-08 20:51:00
anuja,file_2.docx,2023-01-08 12:50:00
dhamu,file_31.docx,2023-01-08 17:50:00
udhaya,file_23.docx,2023-01-08 18:32:00
nandhakumar,file_25.docx,2023-01-08 08:11:00
user1,file_21.docx,2023-01-08 19:14:00
user1,file_50.docx,2023-01-08 08:03:00
udhaya,file_34.docx,2023-01-08 11:49:00
sandhana,file_15.docx,2023-01-08 05:06:00
rahul,file_43.docx,2023-01-08 07:17:00
anuja,file_48.docx,2023-01-08 01:48:00
rahul,file_37.docx,2023-01-08 12:22:00
bharani,file_12.docx,2023-01-08 07:37:00
nandhakumar,file_48.docx,2023-01-08 22:22:00
sandhana,file_2.docx,2023-01-08 22:44:00
dhamu,file_37.docx,2023-01-08 18:09:00
sandhana,file_13.docx,2023-01-08 15:34:00
sanjay,file_12.docx,2023-01-08 15:02:00
abishek,file_4.docx,2023-01-08 07:38:00
rahul,file_2.docx,2023-01-08 16:30:00
user1,file_22.docx,2023-01-08 19:12:00
ajeeth,file_22.docx,2023-01-08 22:11:00
nandhakumar,file_4.docx,2023-01-08 00:09:00
sandhana,file_46.docx,2023-01-08 04:49:00
arun,file_34.docx,2023-01-08 11:04:00
dhamu,file_46.docx,2023-01-08 21:25:00
sandhana,file_7.docx,2023-01-08 10:19:00
nandhakumar,file_9.docx,2023-01-08 05:46:00
priya,file_41.docx,2023-01-08 15:41:00
nandhakumar,file_12.docx,2023-01-08 22:35:00
thangakumar,file_23.docx,2023-01-08 07:42:00
sandhana,file_12.docx,2023-01-08 12:19:00
sanjay,file_9.docx,2023-01-08 05:46:00
user1,file_45.docx,2023-01-08 18:25:00
sandhana,file_3.docx,2023-01-08 05:38:00
nandhakumar,file_40.docx,2023-01-08 07:40:00
sandhana,file_7.docx,2023-01-08 15:09:00
nandhakumar,file_48.docx,2023-01-08 02:15:00
dhamu,file_21.docx,2023-01-08 05:40:00
abishek,file_46.docx,2023-01-08 21:40:00
nandhakumar,file_29.docx,2023-01-08 00:16:00
bharathkumar,file_16.docx,2023-01-08 22:04:00
dhamu,file_17.docx,2023-01-08 03:46:00
user1,file_4.docx,2023-01-08 12:28:00
priya,file_11.docx,2023-01-08 13:31:00
balaji,file_23.docx,2023-01-08 17:24:00
arun,file_31.docx,2023-01-08 18:41:00
rahul,file_11.docx,2023-01-08 14:04:00
abimanyu,file_19.docx,2023-01-08 00:20:00
maha,file_7.docx,2023-01-08 02:21:00
bharani,file_25.docx,2023-01-08 05:46:00
abishek,file_36.docx,2023-01-08 02:21:00
thangakumar,file_40.docx,2023-01-08 15:45:00
user1,file_28.docx,2023-01-08 20:10:00
thangakumar,file_28.docx,2023-01-08 05:03:00
arun,file_22.docx,2023-01-08 06:12:00
priya,file_45.docx,2023-01-08 17:46:00
anuja,file_17.docx,2023-01-08 21:18:00
sanjay,file_16.docx,2023-01-08 03:03:00
balaji,file_37.docx,2023-01-08 17:53:00
udhaya,file_10.docx,2023-01-08 01:23:00
user1,file_28.docx,2023-01-08 02:18:00
thangakumar,file_31.docx,2023-01-08 06:06:00
user1,file_14.docx,2023-01-08 05:40:00
sanjay,file_6.docx,2023-01-08 15:54:00
arun,file_20.docx,2023-01-08 12:30:00
udhaya,file_43.docx,2023-01-08 08:05:00
anuja,file_25.docx,2023-01-08 05:23:00
balaji,file_24.docx,2023-01-08 05:28:00
abimanyu,file_17.docx,2023-01-08 14:29:00
maha,file_15.docx,2023-01-08 08:36:00
abimanyu,file_10.docx,2023-01-08 22:42:00
arun,file_6.docx,2023-01-08 21:22:00
anuja,file_27.docx,2023-01-08 18:14:00
abimanyu,file_25.docx,2023-01-09 16:26:00
anuja,file_44.docx,2023-01-09 15:36:00
rahul,file_31.docx,2023-01-09 09:05:00
balaji,file_46.docx,2023-01-09 01:32:00
sandhana,file_34.docx,2023-01-09 18:43:00
thangakumar,file_10.docx,2023-01-09 03:48:00
karthi,file_12.docx,2023-01-09 05:13:00
bharathkumar,file_9.docx,2023-01-09 01:27:00
abishek,file_44.docx,2023-01-09 13:12:00
ajeeth,file_39.docx,2023-01-09 08:20:00
abishek,file_6.docx,2023-01-09 12:35:00
balaji,file_36.docx,2023-01-09 10:54:00
maha,file_34.docx,2023-01-09 14:58:00
user1,file_45.docx,2023-01-09 19:37:00
jeeva,file_27.docx,2023-01-09 03:26:00
ajeeth,file_10.docx,2023-01-09 18:37:00
sandhana,file_49.docx,2023-01-09 03:59:00
arun,file_37.docx,2023-01-09 03:50:00
sanjay,file_35.docx,2023-01-09 11:56:00
priya,file_17.docx,2023-01-09 12:41:00
udhaya,file_37.docx,2023-01-09 19:30:00
abimanyu,file_12.docx,2023-01-09 08:25:00
ajeeth,file_40.docx,2023-01-09 19:43:00
balaji,file_3.docx,2023-01-09 12:56:00
nandhakumar,file_45.docx,2023-01-09 07:03:00
udhaya,file_18.docx,2023-01-09 11:01:00
nandhakumar,file_20.docx,2023-01-09 09:17:00
udhaya,file_45.docx,2023-01-09 21:06:00
rahul,file_9.docx,2023-01-09 09:47:00
karthi,file_50.docx,2023-01-09 10:17:00
priya,file_39.docx,2023-01-09 20:05:00
bharathkumar,file_29.docx,2023-01-09 06:58:00
priya,file_48.docx,2023-01-09 15:48:00
jeeva,file_24.docx,2023-01-09 01:32:00
bharani,file_5.docx,2023-01-09 09:45:00
jeeva,file_26.docx,2023-01-09 04:49:00
jeeva,file_37.docx,2023-01-09 00:11:00
bharathkumar,file_13.docx,2023-01-09 01:15:00
abimanyu,file_30.docx,2023-01-09 01:58:00
dhamu,file_46.docx,2023-01-09 06:17:00
dhamu,file_30.docx,2023-01-09 16:25:00
arun,file_44.docx,2023-01-09 00:15:00
dhamu,file_32.docx,2023-01-09 19:28:00
bharani,file_31.docx,2023-01-09 18:35:00
dhamu,file_23.docx,2023-01-09 05:53:00
maha,file_48.docx,2023-01-09 22:05:00
sanjay,file_2.docx,2023-01-09 12:03:00
bharani,file_37.docx,2023-01-09 06:54:00
rahul,file_42.docx,2023-01-09 07:43:00
bharathkumar,file_18.docx,2023-01-09 20:26:00
jeeva,file_2.docx,2023-01-09 21:00:00
udhaya,file_9.docx,2023-01-09 20:11:00
thangakumar,file_1.docx,2023-01-09 07:16:00
thangakumar,file_20.docx,2023-01-09 22:45:00
maha,file_28.docx,2023-01-09 12:54:00
dhamu,file_30.docx,2023-01-09 08:13:00
karthi,file_20.docx,2023-01-09 21:33:00
thangakumar,file_26.docx,2023-01-09 18:06:00
user1,file_33.docx,2023-01-09 21:53:00
dhamu,file_36.docx,2023-01-09 20:38:00
thangakumar,file_19.docx,2023-01-09 09:43:00
arun,file_31.docx,2023-01-09 02:21:00
maha,file_41.docx,2023-01-09 10:55:00
maha,file_17.docx,2023-01-09 20:45:00
sanjay,file_13.docx,2023-01-09 04:33:00
rahul,file_4.docx,2023-01-09 19:25:00
nandhakumar,file_44.docx,2023-01-09 04:46:00
user1,file_42.docx,2023-01-09 15:18:00
maha,file_27.docx,2023-01-09 12:24:00
abimanyu,file_38.docx,2023-01-09 22:36:00
bharathkumar,file_22.docx,2023-01-09 23:45:00
rahul,file_44.docx,2023-01-09 17:40:00
udhaya,file_43.docx,2023-01-09 11:32:00
sanjay,file_11.docx,2023-01-09 21:56:00
anuja,file_12.docx,2023-01-09 09:06:00
udhaya,file_9.docx,2023-01-09 23:16:00
anuja,file_49.docx,2023-01-09 05:43:00
nandhakumar,file_42.docx,2023-01-09 02:14:00
dhamu,file_15.docx,2023-01-09 23:55:00
sanjay,file_27.docx,2023-01-09 10:23:00
maha,file_38.docx,2023-01-09 09:29:00
arun,file_31.docx,2023-01-09 01:55:00
sandhana,file_38.docx,2023-01-09 19:04:00
udhaya,file_13.docx,2023-01-09 16:07:00
balaji,file_34.docx,2023-01-09 09:26:00
ajeeth,file_9.docx,2023-01-10 06:21:00
priya,file_37.docx,2023-01-10 14:09:00
nandhakumar,file_46.docx,2023-01-10 05:49:00
abishek,file_32.docx,2023-01-10 10:40:00
bharani,file_21.docx,2023-01-10 20:03:00
user1,file_29.docx,2023-01-10 08:13:00
bharani,file_37.docx,2023-01-10 05:31:00
abishek,file_9.docx,2023-01-10 19:27:00
priya,file_26.docx,2023-01-10 13:30:00
balaji,file_1.docx,2023-01-10 01:34:00
bharathkumar,file_47.docx,2023-01-10 11:00:00
nandhakumar,file_49.docx,2023-01-10 16:12:00
user1,file_44.docx,2023-01-10 00:40:00
rahul,file_15.docx,2023-01-10 22:56:00
dhamu,file_20.docx,2023-01-10 04:06:00
balaji,file_33.docx,2023-01-10 18:19:00
bharani,file_5.docx,2023-01-10 01:19:00
sanjay,file_30.docx,2023-01-10 23:33:00
thangakumar,file_34.docx,2023-01-10 10:27:00
ajeeth,file_22.docx,2023-01-10 15:22:00
bharathkumar,file_11.docx,2023-01-10 12:01:00
rahul,file_15.docx,2023-01-10 23:08:00
bharathkumar,file_47.docx,2023-01-10 00:37:00
jeeva,file_11.docx,2023-01-10 03:23:00
abimanyu,file_25.docx,2023-01-10 20:16:00
anuja,file_40.docx,2023-01-10 01:38:00
abimanyu,file_43.docx,2023-01-10 03:41:00
user1,file_4.docx,2023-01-10 22:07:00
priya,file_29.docx,2023-01-10 12:07:00
anuja,file_17.docx,2023-01-10 15:44:00
ajeeth,file_14.docx,2023-01-10 22:43:00
user1,file_20.docx,2023-01-10 13:42:00
arun,file_43.docx,2023-01-10 16:17:00
thangakumar,file_39.docx,2023-01-10 22:08:00
priya,file_7.docx,2023-01-10 16:46:00
thangakumar,file_8.docx,2023-01-10 09:07:00
arun,file_32.docx,2023-01-10 06:38:00
bharathkumar,file_50.docx,2023-01-10 08:53:00
jeeva,file_13.docx,2023-01-10 11:45:00
priya,file_19.docx,2023-01-10 05:02:00
anuja,file_32.docx,2023-01-10 06:44:00
udhaya,file_22.docx,2023-01-10 07:00:00
user1,file_43.docx,2023-01-10 02:58:00
arun,file_37.docx,2023-01-10 21:31:00
ajeeth,file_6.docx,2023-01-10 16:04:00
arun,file_17.docx,2023-01-10 20:14:00
karthi,file_19.docx,2023-01-10 08:29:00
abimanyu,file_7.docx,2023-01-10 05:55:00
abimanyu,file_19.docx,2023-01-10 11:51:00
nandhakumar,file_28.docx,2023-01-10 23:07:00
arun,file_49.docx,2023-01-10 01:00:00
ajeeth,file_43.docx,2023-01-10 20:10:00
nandhakumar,file_23.docx,2023-01-10 14:39:00
abishek,file_24.docx,2023-01-11 10:11:00
arun,file_26.docx,2023-01-11 12:29:00
maha,file_25.docx,2023-01-11 22:54:00
udhaya,file_27.docx,2023-01-11 20:56:00
bharani,file_8.docx,2023-01-11 04:44:00
abimanyu,file_11.docx,2023-01-11 03:26:00
sandhana,file_31.docx,2023-01-11 18:43:00
karthi,file_12.docx,2023-01-11 19:24:00
dhamu,file_40.docx,2023-01-11 00:55:00
ajeeth,file_31.docx,2023-01-11 15:07:00
priya,file_29.docx,2023-01-11 01:04:00
maha,file_42.docx,2023-01-11 10:00:00
jeeva,file_50.docx,2023-01-11 23:36:00
sandhana,file_15.docx,2023-01-11 21:55:00
nandhakumar,file_34.docx,2023-01-11 16:44:00
thangakumar,file_7.docx,2023-01-11 13:42:00
rahul,file_31.docx,2023-01-11 11:42:00
balaji,file_10.docx,2023-01-11 17:57:00
thangakumar,file_4.docx,2023-01-11 00:41:00
bharani,file_33.docx,2023-01-11 15:54:00
udhaya,file_11.docx,2023-01-11 02:48:00
udhaya,file_21.docx,2023-01-11 07:21:00
maha,file_4.docx,2023-01-11 16:14:00
anuja,file_42.docx,2023-01-11 12:25:00
rahul,file_6.docx,2023-01-11 14:28:00
sandhana,file_29.docx,2023-01-11 02:54:00
udhaya,file_29.docx,2023-01-11 10:07:00
udhaya,file_48.docx,2023-01-11 20:01:00
arun,file_26.docx,2023-01-11 13:02:00
anuja,file_36.docx,2023-01-11 00:52:00
abishek,file_39.docx,2023-01-11 19:40:00
sanjay,file_33.docx,2023-01-11 17:13:00
karthi,file_22.docx,2023-01-11 11:52:00
abimanyu,file_15.docx,2023-01-11 14:21:00
anuja,file_50.docx,2023-01-11 19:38:00
udhaya,file_46.docx,2023-01-11 21:23:00
karthi,file_8.docx,2023-01-11 03:48:00
rahul,file_1.docx,2023-01-11 10:22:00
sanjay,file_36.docx,2023-01-11 16:23:00
arun,file_3.docx,2023-01-11 05:31:00
ajeeth,file_46.docx,2023-01-11 23:46:00
priya,file_7.docx,2023-01-11 08:39:00
bharathkumar,file_13.docx,2023-01-11 03:59:00
balaji,file_14.docx,2023-01-11 14:52:00
bharathkumar,file_46.docx,2023-01-11 10:06:00
priya,file_3.docx,2023-01-11 20:53:00
sandhana,file_8.docx,2023-01-11 14:29:00
sandhana,file_33.docx,2023-01-11 04:31:00
user1,file_34.docx,2023-01-11 23:03:00
anuja,file_28.docx,2023-01-11 18:30:00
jeeva,file_50.docx,2023-01-11 05:44:00
sandhana,file_12.docx,2023-01-11 23:52:00
ajeeth,file_7.docx,2023-01-11 12:42:00
thangakumar,file_39.docx,2023-01-11 10:32:00
balaji,file_27.docx,2023-01-11 19:58:00
rahul,file_18.docx,2023-01-11 12:21:00
sanjay,file_29.docx,2023-01-11 04:08:00
priya,file_39.docx,2023-01-11 22:56:00
jeeva,file_20.docx,2023-01-11 22:35:00
nandhakumar,file_46.docx,2023-01-11 23:59:00
anuja,file_41.docx,2023-01-11 06:12:00
bharathkumar,file_40.docx,2023-01-11 22:18:00
dhamu,file_44.docx,2023-01-11 04:45:00
bharani,file_33.docx,2023-01-11 17:44:00
nandhakumar,file_46.docx,2023-01-11 03:48:00
dhamu,file_36.docx,2023-01-11 15:37:00
sandhana,file_43.docx,2023-01-11 22:26:00
anuja,file_19.docx,2023-01-12 13:51:00
user1,file_34.docx,2023-01-12 03:01:00
balaji,file_10.docx,2023-01-12 01:42:00
abimanyu,file_13.docx,2023-01-12 08:48:00
bharani,file_19.docx,2023-01-12 21:16:00
ajeeth,file_4.docx,2023-01-12 22:50:00
sanjay,file_14.docx,2023-01-12 17:02:00
dhamu,file_29.docx,2023-01-12 03:39:00
anuja,file_15.docx,2023-01-12 23:41:00
anuja,file_25.docx,2023-01-12 07:32:00
sanjay,file_45.docx,2023-01-12 21:03:00
balaji,file_25.docx,2023-01-12 13:50:00
nandhakumar,file_36.docx,2023-01-12 01:00:00
maha,file_13.docx,2023-01-12 19:55:00
karthi,file_15.docx,2023-01-12 20:45:00
dhamu,file_49.docx,2023-01-12 18:34:00
thangakumar,file_13.docx,2023-01-12 23:12:00
sanjay,file_29.docx,2023-01-12 05:43:00
abishek,file_12.docx,2023-01-12 05:47:00
jeeva,file_8.docx,2023-01-12 12:02:00
priya,file_18.docx,2023-01-12 17:16:00
ajeeth,file_11.docx,2023-01-12 18:54:00
maha,file_1.docx,2023-01-12 10:29:00
ajeeth,file_3.docx,2023-01-12 04:59:00
nandhakumar,file_39.docx,2023-01-12 01:49:00
thangakumar,file_43.docx,2023-01-12 09:31:00
sandhana,file_36.docx,2023-01-12 11:04:00
nandhakumar,file_34.docx,2023-01-12 07:11:00
jeeva,file_5.docx,2023-01-12 16:10:00
priya,file_35.docx,2023-01-12 17:25:00
abishek,file_23.docx,2023-01-12 07:56:00
bharathkumar,file_43.docx,2023-01-12 10:21:00
dhamu,file_19.docx,2023-01-12 06:48:00
thangakumar,file_34.docx,2023-01-12 15:35:00
user1,file_8.docx,2023-01-12 21:22:00
karthi,file_16.docx,2023-01-12 20:39:00
thangakumar,file_16.docx,2023-01-12 01:43:00
nandhakumar,file_25.docx,2023-01-12 03:24:00
maha,file_35.docx,2023-01-12 23:18:00
user1,file_34.docx,2023-01-12 11:32:00
jeeva,file_29.docx,2023-01-12 15:02:00
sanjay,file_42.docx,2023-01-12 06:20:00
jeeva,file_6.docx,2023-01-12 03:10:00
anuja,file_35.docx,2023-01-12 00:40:00
abishek,file_14.docx,2023-01-12 21:40:00
bharathkumar,file_44.docx,2023-01-12 13:53:00
arun,file_14.docx,2023-01-12 17:53:00
priya,file_42.docx,2023-01-12 02:47:00
ajeeth,file_2.docx,2023-01-12 14:45:00
nandhakumar,file_3.docx,2023-01-12 02:04:00
abimanyu,file_12.docx,2023-01-12 08:35:00
abishek,file_37.docx,2023-01-12 07:58:00
maha,file_27.docx,2023-01-12 12:28:00
balaji,file_28.docx,2023-01-12 10:01:00
balaji,file_44.docx,2023-01-12 03:34:00
user1,file_42.docx,2023-01-12 23:39:00
abishek,file_49.docx,2023-01-12 23:37:00
abimanyu,file_45.docx,2023-01-12 02:22:00
jeeva,file_7.docx,2023-01-12 09:50:00
sanjay,file_39.docx,2023-01-12 02:18:00
karthi,file_25.docx,2023-01-12 12:52:00
user1,file_31.docx,2023-01-12 05:34:00
rahul,file_9.docx,2023-01-12 23:25:00
anuja,file_19.docx,2023-01-12 20:09:00
sanjay,file_44.docx,2023-01-12 23:41:00
dhamu,file_1.docx,2023-01-12 17:55:00
anuja,file_10.docx,2023-01-12 03:02:00
user1,file_37.docx,2023-01-12 19:25:00
anuja,file_36.docx,2023-01-12 02:19:00
bharathkumar,file_48.docx,2023-01-12 23:57:00
dhamu,file_14.docx,2023-01-12 13:57:00
jeeva,file_10.docx,2023-01-12 05:11:00
rahul,file_40.docx,2023-01-12 08:12:00
arun,file_12.docx,2023-01-12 21:51:00
sandhana,file_4.docx,2023-01-12 17:29:00
anuja,file_5.docx,2023-01-12 09:42:00
abishek,file_17.docx,2023-01-12 03:12:00
sandhana,file_32.docx,2023-01-12 10:22:00
ajeeth,file_43.docx,2023-01-12 20:15:00
arun,file_19.docx,2023-01-12 19:04:00
bharathkumar,file_21.docx,2023-01-12 15:28:00
nandhakumar,file_40.docx,2023-01-12 21:19:00
sandhana,file_10.docx,2023-01-12 18:36:00
dhamu,file_21.docx,2023-01-12 13:10:00
user1,file_21.docx,2023-01-12 07:50:00
rahul,file_46.docx,2023-01-12 23:41:00
priya,file_18.docx,2023-01-12 11:08:00
nandhakumar,file_31.docx,2023-01-12 14:28:00
dhamu,file_50.docx,2023-01-12 09:31:00
anuja,file_7.docx,2023-01-12 05:41:00
thangakumar,file_6.docx,2023-01-12 08:54:00
ajeeth,file_35.docx,2023-01-12 06:16:00
abishek,file_47.docx,2023-01-12 02:57:00
jeeva,file_41.docx,2023-01-13 00:52:00
sandhana,file_38.docx,2023-01-13 12:49:00
sandhana,file_14.docx,2023-01-13 01:35:00
maha,file_35.docx,2023-01-13 17:30:00
ajeeth,file_24.docx,2023-01-13 12:14:00
sandhana,file_47.docx,2023-01-13 09:08:00
karthi,file_33.docx,2023-01-13 16:05:00
balaji,file_24.docx,2023-01-13 16:00:00
rahul,file_40.docx,2023-01-13 21:10:00
jeeva,file_9.docx,2023-01-13 14:10:00
bharani,file_37.docx,2023-01-13 18:42:00
ajeeth,file_48.docx,2023-01-13 23:30:00
dhamu,file_3.docx,2023-01-13 07:48:00
udhaya,file_15.docx,2023-01-13 02:16:00
dhamu,file_15.docx,2023-01-13 01:42:00
bharathkumar,file_34.docx,2023-01-13 11:24:00
udhaya,file_30.docx,2023-01-13 01:02:00
nandhakumar,file_7.docx,2023-01-13 22:33:00
maha,file_48.docx,2023-01-13 08:37:00
anuja,file_37.docx,2023-01-13 05:24:00
balaji,file_24.docx,2023-01-13 18:41:00
abishek,file_34.docx,2023-01-13 08:24:00
rahul,file_34.docx,2023-01-13 12:22:00
dhamu,file_32.docx,2023-01-13 15:56:00
thangakumar,file_1.docx,2023-01-13 16:56:00
ajeeth,file_29.docx,2023-01-13 05:14:00
abishek,file_33.docx,2023-01-13 20:17:00
bharathkumar,file_10.docx,2023-01-13 05:10:00
dhamu,file_39.docx,2023-01-13 22:52:00
arun,file_43.docx,2023-01-13 07:26:00
nandhakumar,file_47.docx,2023-01-13 03:30:00
udhaya,file_31.docx,2023-01-13 06:37:00
bharani,file_42.docx,2023-01-13 13:01:00
rahul,file_3.docx,2023-01-13 04:36:00
sandhana,file_11.docx,2023-01-13 04:40:00
jeeva,file_3.docx,2023-01-13 18:09:00
abimanyu,file_11.docx,2023-01-13 08:59:00
bharani,file_34.docx,2023-01-13 12:38:00
sandhana,file_41.docx,2023-01-13 00:56:00
sanjay,file_6.docx,2023-01-13 06:28:00
thangakumar,file_31.docx,2023-01-13 15:10:00
rahul,file_27.docx,2023-01-13 19:09:00
sandhana,file_50.docx,2023-01-13 05:39:00
jeeva,file_17.docx,2023-01-13 05:46:00
nandhakumar,file_30.docx,2023-01-13 19:37:00
abishek,file_15.docx,2023-01-13 12:24:00
ajeeth,file_7.docx,2023-01-13 00:12:00
jeeva,file_33.docx,2023-01-13 21:26:00
ajeeth,file_39.docx,2023-01-13 03:11:00
udhaya,file_40.docx,2023-01-13 19:02:00
anuja,file_33.docx,2023-01-13 03:05:00
ajeeth,file_39.docx,2023-01-14 17:52:00
user1,file_50.docx,2023-01-14 21:41:00
priya,file_34.docx,2023-01-14 13:23:00
abimanyu,file_45.docx,2023-01-14 16:27:00
rahul,file_31.docx,2023-01-14 12:22:00
sandhana,file_48.docx,2023-01-14 22:36:00
arun,file_28.docx,2023-01-14 04:16:00
udhaya,file_50.docx,2023-01-14 07:58:00
abishek,file_19.docx,2023-01-14 19:56:00
anuja,file_27.docx,2023-01-14 08:12:00
user1,file_46.docx,2023-01-14 23:50:00
user1,file_37.docx,2023-01-14 16:07:00
jeeva,file_1.docx,2023-01-14 12:41:00
bharathkumar,file_45.docx,2023-01-14 10:26:00
dhamu,file_7.docx,2023-01-14 04:27:00
sandhana,file_17.docx,2023-01-14 08:54:00
anuja,file_28.docx,2023-01-14 18:23:00
thangakumar,file_18.docx,2023-01-14 21:25:00
bharathkumar,file_27.docx,2023-01-14 17:50:00
anuja,file_31.docx,2023-01-14 05:23:00
anuja,file_36.docx,2023-01-14 15:16:00
sanjay,file_37.docx,2023-01-14 11:49:00
balaji,file_48.docx,2023-01-14 04:54:00
arun,file_48.docx,2023-01-14 07:28:00
bharani,file_7.docx,2023-01-14 06:32:00
balaji,file_22.docx,2023-01-14 17:39:00
abimanyu,file_11.docx,2023-01-14 12:40:00
user1,file_6.docx,2023-01-14 04:30:00
thangakumar,file_28.docx,2023-01-14 02:04:00
maha,file_15.docx,2023-01-14 11:05:00
thangakumar,file_3.docx,2023-01-14 23:24:00
balaji,file_40.docx,2023-01-14 20:33:00
sanjay,file_46.docx,2023-01-14 19:03:00
bharani,file_41.docx,2023-01-14 15:28:00
user1,file_13.docx,2023-01-14 21:59:00
jeeva,file_19.docx,2023-01-14 06:02:00
thangakumar,file_33.docx,2023-01-14 16:44:00
rahul,file_40.docx,2023-01-14 05:43:00
abimanyu,file_24.docx,2023-01-14 07:41:00
user1,file_11.docx,2023-01-14 02:17:00
balaji,file_23.docx,2023-01-14 21:25:00
balaji,file_38.docx,2023-01-14 06:33:00
user1,file_48.docx,2023-01-14 22:04:00
abishek,file_36.docx,2023-01-14 09:46:00
anuja,file_38.docx,2023-01-14 11:22:00
maha,file_15.docx,2023-01-14 19:12:00
karthi,file_26.docx,2023-01-14 18:00:00
maha,file_12.docx,2023-01-14 13:32:00
arun,file_36.docx,2023-01-14 02:32:00
sanjay,file_22.docx,2023-01-14 03:51:00
jeeva,file_17.docx,2023-01-14 17:52:00
sandhana,file_17.docx,2023-01-14 22:28:00
balaji,file_37.docx,2023-01-14 15:49:00
rahul,file_49.docx,2023-01-14 10:49:00
karthi,file_44.docx,2023-01-14 14:57:00
sandhana,file_2.docx,2023-01-14 15:07:00
maha,file_5.docx,2023-01-14 12:40:00
rahul,file_44.docx,2023-01-14 22:14:00
nandhakumar,file_27.docx,2023-01-14 11:33:00
anuja,file_1.docx,2023-01-14 22:53:00
maha,file_16.docx,2023-01-14 09:05:00
balaji,file_44.docx,2023-01-14 23:52:00
nandhakumar,file_5.docx,2023-01-14 17:59:00
bharani,file_31.docx,2023-01-14 10:22:00
bharathkumar,file_37.docx,2023-01-14 08:11:00
bharathkumar,file_32.docx,2023-01-14 23:12:00
rahul,file_48.docx,2023-01-14 07:55:00
maha,file_14.docx,2023-01-14 07:12:00
rahul,file_40.docx,2023-01-14 11:09:00
arun,file_8.docx,2023-01-14 02:43:00
udhaya,file_40.docx,2023-01-14 00:48:00
anuja,file_3.docx,2023-01-14 15:23:00
thangakumar,file_21.docx,2023-01-14 15:57:00
sandhana,file_18.docx,2023-01-14 15:11:00
jeeva,file_18.docx,2023-01-14 12:14:00
sandhana,file_9.docx,2023-01-14 01:33:00
priya,file_31.docx,2023-01-14 17:02:00
jeeva,file_23.docx,2023-01-14 12:55:00
bharani,file_30.docx,2023-01-14 03:44:00
jeeva,file_30.docx,2023-01-14 10:44:00
user1,file_44.docx,2023-01-15 06:24:00
sandhana,file_7.docx,2023-01-15 10:23:00
thangakumar,file_17.docx,2023-01-15 05:35:00
maha,file_16.docx,2023-01-15 08:30:00
thangakumar,file_22.docx,2023-01-15 11:11:00
udhaya,file_28.docx,2023-01-15 06:26:00
dhamu,file_24.docx,2023-01-15 12:17:00
karthi,file_12.docx,2023-01-15 18:08:00
sandhana,file_44.docx,2023-01-15 07:52:00
arun,file_47.docx,2023-01-15 08:51:00
rahul,file_36.docx,2023-01-15 13:54:00
balaji,file_13.docx,2023-01-15 04:51:00
ajeeth,file_31.docx,2023-01-15 00:11:00
priya,file_32.docx,2023-01-15 04:57:00
jeeva,file_35.docx,2023-01-15 23:20:00
udhaya,file_20.docx,2023-01-15 08:35:00
sandhana,file_4.docx,2023-01-15 12:06:00
bharani,file_4.docx,2023-01-15 06:52:00
maha,file_31.docx,2023-01-15 20:06:00
karthi,file_48.docx,2023-01-15 10:16:00
dhamu,file_24.docx,2023-01-15 17:35:00
maha,file_23.docx,2023-01-15 00:26:00
arun,file_23.docx,2023-01-15 21:38:00
bharathkumar,file_37.docx,2023-01-15 18:41:00
anuja,file_12.docx,2023-01-15 09:22:00
nandhakumar,file_44.docx,2023-01-15 16:31:00
karthi,file_6.docx,2023-01-15 12:39:00
sanjay,file_30.docx,2023-01-15 20:09:00
bharani,file_41.docx,2023-01-15 10:26:00
thangakumar,file_37.docx,2023-01-15 12:54:00
abishek,file_6.docx,2023-01-15 05:21:00
rahul,file_21.docx,2023-01-15 10:41:00
sanjay,file_46.docx,2023-01-15 08:38:00
balaji,file_18.docx,2023-01-15 14:49:00
dhamu,file_48.docx,2023-01-15 18:33:00
karthi,file_27.docx,2023-01-15 05:11:00
user1,file_9.docx,2023-01-15 23:15:00
maha,file_48.docx,2023-01-15 22:47:00
abishek,file_14.docx,2023-01-15 05:25:00
arun,file_7.docx,2023-01-15 02:59:00
udhaya,file_36.docx,2023-01-15 01:01:00
balaji,file_34.docx,2023-01-15 02:06:00
maha,file_40.docx,2023-01-15 04:05:00
balaji,file_20.docx,2023-01-15 07:15:00
sanjay,file_29.docx,2023-01-15 20:08:00
ajeeth,file_34.docx,2023-01-15 05:01:00
abimanyu,file_43.docx,2023-01-15 11:55:00
nandhakumar,file_31.docx,2023-01-15 14:55:00
anuja,file_18.docx,2023-01-15 17:28:00
ajeeth,file_45.docx,2023-01-15 17:11:00
thangakumar,file_30.docx,2023-01-16 20:47:00
sandhana,file_28.docx,2023-01-16 16:40:00
anuja,file_20.docx,2023-01-16 11:30:00
anuja,file_15.docx,2023-01-16 02:28:00
sanjay,file_24.docx,2023-01-16 13:16:00
ajeeth,file_20.docx,2023-01-16 00:00:00
jeeva,file_49.docx,2023-01-16 04:22:00
sanjay,file_31.docx,2023-01-16 17:00:00
udhaya,file_49.docx,2023-01-16 15:19:00
user1,file_50.docx,2023-01-16 13:51:00
sanjay,file_39.docx,2023-01-16 07:50:00
user1,file_36.docx,2023-01-16 11:12:00
priya,file_36.docx,2023-01-16 13:25:00
rahul,file_11.docx,2023-01-16 22:47:00
balaji,file_25.docx,2023-01-16 07:16:00
abishek,file_28.docx,2023-01-16 20:15:00
jeeva,file_49.docx,2023-01-16 19:51:00
maha,file_19.docx,2023-01-16 20:47:00
anuja,file_18.docx,2023-01-16 13:12:00
abishek,file_12.docx,2023-01-16 04:18:00
arun,file_41.docx,2023-01-16 14:39:00
karthi,file_18.docx,2023-01-16 22:39:00
udhaya,file_13.docx,2023-01-16 10:01:00
ajeeth,file_4.docx,2023-01-16 17:01:00
bharani,file_7.docx,2023-01-16 09:17:00
ajeeth,file_46.docx,2023-01-16 14:46:00
user1,file_15.docx,2023-01-16 02:09:00
user1,file_32.docx,2023-01-16 06:21:00
priya,file_20.docx,2023-01-16 15:23:00
karthi,file_45.docx,2023-01-16 01:21:00
abishek,file_49.docx,2023-01-16 04:03:00
maha,file_50.docx,2023-01-16 12:04:00
anuja,file_31.docx,2023-01-16 05:12:00
maha,file_25.docx,2023-01-16 00:07:00
rahul,file_25.docx,2023-01-16 14:15:00
abimanyu,file_13.docx,2023-01-16 14:47:00
arun,file_34.docx,2023-01-16 21:13:00
udhaya,file_25.docx,2023-01-16 21:19:00
nandhakumar,file_11.docx,2023-01-16 20:46:00
abimanyu,file_48.docx,2023-01-16 17:33:00
arun,file_17.docx,2023-01-16 15:40:00
sanjay,file_13.docx,2023-01-16 11:56:00
abimanyu,file_43.docx,2023-01-16 06:07:00
rahul,file_41.docx,2023-01-16 13:20:00
user1,file_11.docx,2023-01-16 08:37:00
arun,file_26.docx,2023-01-16 07:00:00
abimanyu,file_38.docx,2023-01-16 22:30:00
thangakumar,file_10.docx,2023-01-16 11:49:00
abishek,file_16.docx,2023-01-16 05:31:00
abishek,file_44.docx,2023-01-16 19:21:00
abimanyu,file_4.docx,2023-01-16 11:41:00
ajeeth,file_45.docx,2023-01-16 17:50:00
arun,file_9.docx,2023-01-16 15:14:00
nandhakumar,file_36.docx,2023-01-16 20:48:00
dhamu,file_29.docx,2023-01-16 23:12:00
user1,file_45.docx,2023-01-16 12:22:00
ajeeth,file_17.docx,2023-01-16 01:31:00
karthi,file_36.docx,2023-01-16 09:34:00
udhaya,file_13.docx,2023-01-16 18:11:00
anuja,file_23.docx,2023-01-16 10:46:00
karthi,file_18.docx,2023-01-16 19:58:00
anuja,file_11.docx,2023-01-16 02:33:00
ajeeth,file_29.docx,2023-01-16 09:52:00
maha,file_35.docx,2023-01-16 11:29:00
user1,file_50.docx,2023-01-16 20:32:00
balaji,file_47.docx,2023-01-16 05:56:00
user1,file_40.docx,2023-01-16 11:49:00
thangakumar,file_16.docx,2023-01-16 10:46:00
abishek,file_43.docx,2023-01-16 17:52:00
balaji,file_13.docx,2023-01-16 16:43:00
udhaya,file_50.docx,2023-01-16 17:09:00
thangakumar,file_19.docx,2023-01-16 10:26:00
nandhakumar,file_8.docx,2023-01-16 03:33:00
abishek,file_3.docx,2023-01-16 04:11:00
abimanyu,file_13.docx,2023-01-16 03:31:00
bharathkumar,file_7.docx,2023-01-16 01:36:00
balaji,file_43.docx,2023-01-16 15:33:00
thangakumar,file_45.docx,2023-01-16 18:16:00
abimanyu,file_24.docx,2023-01-16 07:38:00
abishek,file_1.docx,2023-01-16 06:41:00
udhaya,file_6.docx,2023-01-16 14:51:00
abimanyu,file_24.docx,2023-01-16 17:47:00
priya,file_24.docx,2023-01-16 22:03:00
thangakumar,file_18.docx,2023-01-16 16:02:00
abishek,file_20.docx,2023-01-16 02:13:00
jeeva,file_7.docx,2023-01-16 03:46:00
rahul,file_35.docx,2023-01-16 12:12:00
jeeva,file_43.docx,2023-01-17 07:36:00
bharani,file_36.docx,2023-01-17 23:35:00
priya,file_48.docx,2023-01-17 03:49:00
sandhana,file_23.docx,2023-01-17 21:29:00
priya,file_7.docx,2023-01-17 05:50:00
bharani,file_36.docx,2023-01-17 12:32:00
nandhakumar,file_43.docx,2023-01-17 05:34:00
thangakumar,file_29.docx,2023-01-17 11:57:00
nandhakumar,file_36.docx,2023-01-17 10:54:00
dhamu,file_27.docx,2023-01-17 20:27:00
nandhakumar,file_39.docx,2023-01-17 07:36:00
anuja,file_14.docx,2023-01-17 12:49:00
anuja,file_48.docx,2023-01-17 08:23:00
karthi,file_29.docx,2023-01-17 12:00:00
abimanyu,file_19.docx,2023-01-17 19:01:00
jeeva,file_9.docx,2023-01-17 09:00:00
sanjay,file_15.docx,2023-01-17 06:54:00
nandhakumar,file_2.docx,2023-01-17 22:52:00
maha,file_36.docx,2023-01-17 16:35:00
sandhana,file_37.docx,2023-01-17 04:06:00
abimanyu,file_30.docx,2023-01-17 11:09:00
ajeeth,file_17.docx,2023-01-17 11:56:00
sandhana,file_16.docx,2023-01-17 07:16:00
sanjay,file_6.docx,2023-01-17 18:25:00
sandhana,file_14.docx,2023-01-17 23:04:00
nandhakumar,file_31.docx,2023-01-17 05:31:00
sandhana,file_7.docx,2023-01-17 19:41:00
sanjay,file_3.docx,2023-01-17 23:51:00
sandhana,file_25.docx,2023-01-17 02:49:00
abimanyu,file_50.docx,2023-01-17 10:22:00
priya,file_27.docx,2023-01-17 03:55:00
rahul,file_48.docx,2023-01-17 20:54:00
thangakumar,file_1.docx,2023-01-17 20:49:00
balaji,file_4.docx,2023-01-17 09:33:00
abimanyu,file_21.docx,2023-01-17 17:36:00
ajeeth,file_21.docx,2023-01-17 16:44:00
rahul,file_10.docx,2023-01-17 01:43:00
balaji,file_29.docx,2023-01-17 19:36:00
jeeva,file_6.docx,2023-01-17 07:27:00
sanjay,file_26.docx,2023-01-17 04:08:00
nandhakumar,file_6.docx,2023-01-17 15:36:00
abimanyu,file_36.docx,2023-01-17 12:16:00
abishek,file_26.docx,2023-01-17 16:27:00
ajeeth,file_49.docx,2023-01-17 04:30:00
anuja,file_13.docx,2023-01-17 15:25:00
sandhana,file_13.docx,2023-01-17 17:39:00
jeeva,file_16.docx,2023-01-17 07:04:00
maha,file_50.docx,2023-01-17 13:20:00
sandhana,file_6.docx,2023-01-17 03:42:00
priya,file_28.docx,2023-01-17 11:22:00
bharathkumar,file_21.docx,2023-01-17 11:38:00
user1,file_50.docx,2023-01-17 09:10:00
dhamu,file_40.docx,2023-01-17 14:39:00
ajeeth,file_29.docx,2023-01-17 01:59:00
rahul,file_13.docx,2023-01-17 21:23:00
ajeeth,file_49.docx,2023-01-17 23:54:00
abishek,file_8.docx,2023-01-17 23:03:00
rahul,file_40.docx,2023-01-17 04:55:00
sanjay,file_1.docx,2023-01-17 10:44:00
arun,file_20.docx,2023-01-17 14:30:00
user1,file_22.docx,2023-01-17 06:47:00
anuja,file_14.docx,2023-01-17 06:34:00
maha,file_36.docx,2023-01-18 15:39:00
ajeeth,file_45.docx,2023-01-18 22:42:00
user1,file_25.docx,2023-01-18 18:57:00
jeeva,file_3.docx,2023-01-18 08:10:00
abimanyu,file_19.docx,2023-01-18 06:50:00
thangakumar,file_18.docx,2023-01-18 01:29:00
user1,file_5.docx,2023-01-18 12:42:00
maha,file_43.docx,2023-01-18 21:23:00
arun,file_2.docx,2023-01-18 09:55:00
balaji,file_15.docx,2023-01-18 12:32:00
arun,file_21.docx,2023-01-18 15:55:00
thangakumar,file_35.docx,2023-01-18 02:11:00
bharathkumar,file_33.docx,2023-01-18 14:35:00
user1,file_3.docx,2023-01-18 07:59:00
jeeva,file_20.docx,2023-01-18 10:31:00
balaji,file_48.docx,2023-01-18 05:01:00
dhamu,file_44.docx,2023-01-18 11:22:00
sanjay,file_16.docx,2023-01-18 16:17:00
abimanyu,file_41.docx,2023-01-18 08:56:00
balaji,file_2.docx,2023-01-18 17:17:00
rahul,file_10.docx,2023-01-18 10:57:00
balaji,file_43.docx,2023-01-18 04:05:00
balaji,file_34.docx,2023-01-18 21:39:00
rahul,file_27.docx,2023-01-18 07:36:00
ajeeth,file_28.docx,2023-01-18 09:58:00
thangakumar,file_22.docx,2023-01-18 14:34:00
ajeeth,file_14.docx,2023-01-18 20:08:00
sandhana,file_35.docx,2023-01-18 21:51:00
bharathkumar,file_9.docx,2023-01-18 09:44:00
jeeva,file_9.docx,2023-01-18 13:58:00
ajeeth,file_42.docx,2023-01-18 18:58:00
bharani,file_21.docx,2023-01-18 02:35:00
anuja,file_47.docx,2023-01-18 03:11:00
nandhakumar,file_10.docx,2023-01-18 23:01:00
nandhakumar,file_27.docx,2023-01-18 13:19:00
karthi,file_48.docx,2023-01-18 20:59:00
maha,file_10.docx,2023-01-18 06:06:00
ajeeth,file_12.docx,2023-01-18 00:48:00
thangakumar,file_40.docx,2023-01-18 08:38:00
sandhana,file_40.docx,2023-01-18 07:38:00
rahul,file_15.docx,2023-01-18 21:01:00
dhamu,file_6.docx,2023-01-18 22:49:00
udhaya,file_9.docx,2023-01-18 16:54:00
thangakumar,file_31.docx,2023-01-18 22:41:00
dhamu,file_12.docx,2023-01-18 12:31:00
udhaya,file_9.docx,2023-01-18 05:12:00
rahul,file_3.docx,2023-01-18 13:48:00
user1,file_18.docx,2023-01-18 13:14:00
bharathkumar,file_49.docx,2023-01-18 06:04:00
bharani,file_29.docx,2023-01-18 19:31:00
nandhakumar,file_30.docx,2023-01-18 07:27:00
balaji,file_50.docx,2023-01-18 01:38:00
balaji,file_47.docx,2023-01-18 10:25:00
thangakumar,file_48.docx,2023-01-18 18:38:00
anuja,file_34.docx,2023-01-18 20:56:00
abimanyu,file_34.docx,2023-01-18 03:28:00
karthi,file_3.docx,2023-01-18 07:33:00
anuja,file_26.docx,2023-01-18 23:02:00
anuja,file_25.docx,2023-01-18 16:48:00
abimanyu,file_13.docx,2023-01-18 09:28:00
balaji,file_20.docx,2023-01-18 09:29:00
bharani,file_28.docx,2023-01-18 09:39:00
abimanyu,file_45.docx,2023-01-18 16:57:00
ajeeth,file_30.docx,2023-01-18 20:28:00
abishek,file_47.docx,2023-01-18 16:07:00
bharani,file_50.docx,2023-01-18 18:57:00
anuja,file_9.docx,2023-01-18 12:26:00
nandhakumar,file_29.docx,2023-01-18 00:11:00
karthi,file_38.docx,2023-01-18 22:57:00
bharathkumar,file_30.docx,2023-01-18 02:16:00
nandhakumar,file_45.docx,2023-01-18 20:58:00
bharani,file_46.docx,2023-01-18 23:07:00
abishek,file_8.docx,2023-01-18 22:28:00
dhamu,file_6.docx,2023-01-18 16:45:00
balaji,file_47.docx,2023-01-18 16:39:00
bharani,file_25.docx,2023-01-18 17:24:00
abimanyu,file_50.docx,2023-01-18 05:58:00
nandhakumar,file_37.docx,2023-01-18 21:55:00
ajeeth,file_11.docx,2023-01-18 04:11:00
abimanyu,file_27.docx,2023-01-18 09:19:00
karthi,file_19.docx,2023-01-18 20:11:00
arun,file_9.docx,2023-01-18 06:00:00
thangakumar,file_49.docx,2023-01-18 08:00:00
udhaya,file_32.docx,2023-01-19 17:51:00
user1,file_39.docx,2023-01-19 15:15:00
bharathkumar,file_38.docx,2023-01-19 21:30:00
karthi,file_27.docx,2023-01-19 14:05:00
thangakumar,file_39.docx,2023-01-19 00:15:00
anuja,file_18.docx,2023-01-19 19:40:00
anuja,file_14.docx,2023-01-19 01:11:00
ajeeth,file_4.docx,2023-01-19 20:22:00
abimanyu,file_10.docx,2023-01-19 01:42:00
sandhana,file_39.docx,2023-01-19 09:21:00
abishek,file_4.docx,2023-01-19 03:26:00
bharani,file_11.docx,2023-01-19 21:18:00
thangakumar,file_43.docx,2023-01-19 22:44:00
thangakumar,file_37.docx,2023-01-19 17:11:00
karthi,file_48.docx,2023-01-19 18:23:00
abimanyu,file_6.docx,2023-01-19 09:20:00
dhamu,file_25.docx,2023-01-19 02:48:00
priya,file_36.docx,2023-01-19 02:18:00
udhaya,file_9.docx,2023-01-19 03:44:00
maha,file_22.docx,2023-01-19 16:26:00
jeeva,file_14.docx,2023-01-19 22:13:00
thangakumar,file_4.docx,2023-01-19 03:36:00
jeeva,file_6.docx,2023-01-19 15:46:00
thangakumar,file_46.docx,2023-01-19 09:27:00
thangakumar,file_21.docx,2023-01-19 08:33:00
sandhana,file_40.docx,2023-01-19 11:59:00
ajeeth,file_40.docx,2023-01-19 18:31:00
jeeva,file_47.docx,2023-01-19 20:31:00
udhaya,file_12.docx,2023-01-19 19:14:00
sanjay,file_13.docx,2023-01-19 00:07:00
user1,file_30.docx,2023-01-19 20:50:00
arun,file_48.docx,2023-01-19 06:51:00
thangakumar,file_27.docx,2023-01-19 13:02:00
nandhakumar,file_23.docx,2023-01-19 17:51:00
bharathkumar,file_1.docx,2023-01-19 20:12:00
sanjay,file_17.docx,2023-01-19 02:19:00
sanjay,file_33.docx,2023-01-19 17:20:00
user1,file_8.docx,2023-01-19 21:21:00
nandhakumar,file_26.docx,2023-01-19 23:36:00
thangakumar,file_2.docx,2023-01-19 05:12:00
nandhakumar,file_22.docx,2023-01-19 21:30:00
udhaya,file_3.docx,2023-01-19 20:08:00
udhaya,file_10.docx,2023-01-19 20:29:00
anuja,file_22.docx,2023-01-19 14:50:00
priya,file_48.docx,2023-01-19 01:53:00
jeeva,file_20.docx,2023-01-19 18:46:00
nandhakumar,file_36.docx,2023-01-19 17:01:00
bharathkumar,file_37.docx,2023-01-19 21:21:00
dhamu,file_5.docx,2023-01-19 04:17:00
user1,file_22.docx,2023-01-19 12:40:00
anuja,file_11.docx,2023-01-19 18:38:00
balaji,file_12.docx,2023-01-19 19:07:00
sanjay,file_46.docx,2023-01-19 10:45:00
abimanyu,file_18.docx,2023-01-19 13:05:00
udhaya,file_16.docx,2023-01-19 11:28:00
sanjay,file_14.docx,2023-01-19 16:19:00
bharani,file_8.docx,2023-01-19 11:50:00
abimanyu,file_50.docx,2023-01-19 06:58:00
abishek,file_29.docx,2023-01-19 16:01:00
udhaya,file_33.docx,2023-01-19 04:12:00
nandhakumar,file_31.docx,2023-01-19 23:55:00
jeeva,file_20.docx,2023-01-19 10:09:00
arun,file_34.docx,2023-01-19 21:08:00
bharathkumar,file_47.docx,2023-01-19 01:29:00
balaji,file_46.docx,2023-01-19 16:07:00
user1,file_20.docx,2023-01-19 01:43:00
thangakumar,file_6.docx,2023-01-19 10:29:00
abimanyu,file_7.docx,2023-01-19 16:49:00
sanjay,file_2.docx,2023-01-19 18:48:00
sanjay,file_41.docx,2023-01-19 06:20:00
bharathkumar,file_13.docx,2023-01-19 09:17:00
anuja,file_21.docx,2023-01-19 14:42:00
arun,file_18.docx,2023-01-19 04:10:00
maha,file_8.docx,2023-01-19 00:39:00
anuja,file_33.docx,2023-01-19 03:13:00
anuja,file_23.docx,2023-01-19 17:20:00
maha,file_10.docx,2023-01-19 22:51:00
sanjay,file_37.docx,2023-01-19 07:10:00
abishek,file_20.docx,2023-01-19 19:57:00
anuja,file_29.docx,2023-01-20 01:08:00
user1,file_31.docx,2023-01-20 21:03:00
arun,file_25.docx,2023-01-20 01:05:00
priya,file_26.docx,2023-01-20 05:45:00
thangakumar,file_38.docx,2023-01-20 20:53:00
karthi,file_40.docx,2023-01-20 11:19:00
nandhakumar,file_13.docx,2023-01-20 22:48:00
anuja,file_6.docx,2023-01-20 14:36:00
ajeeth,file_6.docx,2023-01-20 22:29:00
arun,file_30.docx,2023-01-20 09:43:00
karthi,file_31.docx,2023-01-20 07:14:00
ajeeth,file_40.docx,2023-01-20 08:58:00
dhamu,file_26.docx,2023-01-20 05:44:00
nandhakumar,file_21.docx,2023-01-20 14:31:00
user1,file_5.docx,2023-01-20 15:07:00
dhamu,file_31.docx,2023-01-20 14:54:00
bharani,file_19.docx,2023-01-20 11:38:00
sandhana,file_9.docx,2023-01-20 16:06:00
balaji,file_46.docx,2023-01-20 03:20:00
anuja,file_42.docx,2023-01-20 02:50:00
sanjay,file_35.docx,2023-01-20 14:25:00
sandhana,file_27.docx,2023-01-20 07:39:00
rahul,file_36.docx,2023-01-20 05:30:00
balaji,file_5.docx,2023-01-20 10:13:00
sandhana,file_28.docx,2023-01-20 13:36:00
nandhakumar,file_35.docx,2023-01-20 22:15:00
bharani,file_43.docx,2023-01-20 21:04:00
sandhana,file_32.docx,2023-01-20 03:37:00
thangakumar,file_30.docx,2023-01-20 10:35:00
arun,file_29.docx,2023-01-20 05:19:00
balaji,file_5.docx,2023-01-20 19:06:00
thangakumar,file_50.docx,2023-01-20 12:20:00
udhaya,file_42.docx,2023-01-20 21:03:00
abishek,file_14.docx,2023-01-20 04:56:00
sandhana,file_49.docx,2023-01-20 20:51:00
user1,file_49.docx,2023-01-20 04:42:00
ajeeth,file_29.docx,2023-01-20 17:18:00
balaji,file_40.docx,2023-01-20 18:28:00
bharathkumar,file_14.docx,2023-01-20 21:56:00
nandhakumar,file_20.docx,2023-01-20 18:50:00
sanjay,file_28.docx,2023-01-20 22:58:00
dhamu,file_6.docx,2023-01-20 18:00:00
thangakumar,file_33.docx,2023-01-20 12:54:00
ajeeth,file_19.docx,2023-01-20 01:23:00
anuja,file_4.docx,2023-01-20 00:45:00
anuja,file_23.docx,2023-01-20 03:55:00
sanjay,file_2.docx,2023-01-20 07:27:00
sandhana,file_26.docx,2023-01-20 20:20:00
balaji,file_26.docx,2023-01-20 12:27:00
anuja,file_14.docx,2023-01-20 21:11:00
udhaya,file_9.docx,2023-01-20 06:35:00
balaji,file_24.docx,2023-01-20 13:09:00
sanjay,file_43.docx,2023-01-20 04:08:00
user1,file_5.docx,2023-01-20 20:01:00
ajeeth,file_47.docx,2023-01-20 15:42:00
priya,file_9.docx,2023-01-20 02:08:00
priya,file_30.docx,2023-01-20 22:38:00
priya,file_40.docx,2023-01-20 05:29:00
jeeva,file_28.docx,2023-01-20 17:52:00
karthi,file_25.docx,2023-01-20 11:14:00
bharani,file_28.docx,2023-01-20 19:00:00
sandhana,file_32.docx,2023-01-20 23:15:00
jeeva,file_18.docx,2023-01-20 13:59:00
anuja,file_37.docx,2023-01-20 11:02:00
abimanyu,file_37.docx,2023-01-20 15:45:00
dhamu,file_8.docx,2023-01-20 18:30:00
abishek,file_10.docx,2023-01-20 23:46:00
jeeva,file_49.docx,2023-01-20 08:29:00
jeeva,file_6.docx,2023-01-20 16:56:00
thangakumar,file_6.docx,2023-01-20 07:30:00
abishek,file_44.docx,2023-01-20 20:34:00
sanjay,file_40.docx,2023-01-21 01:57:00
nandhakumar,file_35.docx,2023-01-21 00:30:00
karthi,file_33.docx,2023-01-21 15:36:00
nandhakumar,file_27.docx,2023-01-21 11:51:00
sanjay,file_19.docx,2023-01-21 05:02:00
thangakumar,file_48.docx,2023-01-21 09:46:00
sandhana,file_17.docx,2023-01-21 01:40:00
udhaya,file_38.docx,2023-01-21 05:36:00
abimanyu,file_43.docx,2023-01-21 09:51:00
thangakumar,file_2.docx,2023-01-21 09:31:00
abishek,file_9.docx,2023-01-21 16:04:00
maha,file_17.docx,2023-01-21 04:39:00
maha,file_18.docx,2023-01-21 08:00:00
arun,file_39.docx,2023-01-21 05:58:00
sandhana,file_48.docx,2023-01-21 04:42:00
karthi,file_24.docx,2023-01-21 05:16:00
rahul,file_32.docx,2023-01-21 05:51:00
jeeva,file_3.docx,2023-01-21 10:05:00
ajeeth,file_39.docx,2023-01-21 04:53:00
udhaya,file_49.docx,2023-01-21 13:49:00
balaji,file_16.docx,2023-01-21 21:28:00
bharani,file_14.docx,2023-01-21 18:46:00
dhamu,file_4.docx,2023-01-21 20:16:00
arun,file_4.docx,2023-01-21 05:29:00
balaji,file_31.docx,2023-01-21 09:30:00
anuja,file_15.docx,2023-01-21 12:43:00
balaji,file_31.docx,2023-01-21 08:09:00
jeeva,file_28.docx,2023-01-21 00:18:00
karthi,file_25.docx,2023-01-21 21:20:00
jeeva,file_44.docx,2023-01-21 01:06:00
anuja,file_41.docx,2023-01-21 11:54:00
priya,file_40.docx,2023-01-21 20:54:00
maha,file_22.docx,2023-01-21 08:17:00
arun,file_17.docx,2023-01-21 20:37:00
balaji,file_30.docx,2023-01-21 21:47:00
rahul,file_47.docx,2023-01-21 21:37:00
bharathkumar,file_34.docx,2023-01-21 10:43:00
bharani,file_21.docx,2023-01-21 17:00:00
user1,file_5.docx,2023-01-21 00:26:00
arun,file_34.docx,2023-01-21 03:43:00
karthi,file_23.docx,2023-01-21 07:46:00
sanjay,file_17.docx,2023-01-21 06:02:00
user1,file_40.docx,2023-01-21 02:03:00
thangakumar,file_43.docx,2023-01-21 06:38:00
arun,file_46.docx,2023-01-21 03:05:00
thangakumar,file_9.docx,2023-01-21 12:42:00
sandhana,file_12.docx,2023-01-21 03:44:00
bharani,file_17.docx,2023-01-21 09:29:00
abishek,file_41.docx,2023-01-21 14:59:00
maha,file_50.docx,2023-01-21 13:44:00
nandhakumar,file_17.docx,2023-01-21 05:49:00
abishek,file_18.docx,2023-01-21 01:24:00
balaji,file_22.docx,2023-01-21 01:16:00
maha,file_12.docx,2023-01-21 14:04:00
udhaya,file_13.docx,2023-01-21 19:25:00
bharani,file_42.docx,2023-01-21 15:06:00
ajeeth,file_35.docx,2023-01-21 13:13:00
thangakumar,file_42.docx,2023-01-21 03:58:00
karthi,file_46.docx,2023-01-21 08:06:00
abimanyu,file_5.docx,2023-01-21 02:36:00
maha,file_50.docx,2023-01-21 14:01:00
udhaya,file_10.docx,2023-01-21 20:40:00
user1,file_3.docx,2023-01-21 21:24:00
maha,file_10.docx,2023-01-21 22:21:00
balaji,file_37.docx,2023-01-21 00:32:00
udhaya,file_31.docx,2023-01-21 13:25:00
abishek,file_35.docx,2023-01-21 07:00:00
balaji,file_45.docx,2023-01-21 15:07:00
sandhana,file_35.docx,2023-01-21 11:21:00
sanjay,file_26.docx,2023-01-21 01:40:00
abishek,file_24.docx,2023-01-21 17:54:00
nandhakumar,file_6.docx,2023-01-21 14:48:00
sanjay,file_42.docx,2023-01-21 06:11:00
anuja,file_3.docx,2023-01-21 12:42:00
bharathkumar,file_20.docx,2023-01-21 22:24:00
arun,file_41.docx,2023-01-21 22:22:00
udhaya,file_6.docx,2023-01-21 20:28:00
bharathkumar,file_9.docx,2023-01-21 01:12:00
user1,file_47.docx,2023-01-21 18:15:00
udhaya,file_25.docx,2023-01-21 02:50:00
anuja,file_42.docx,2023-01-21 09:31:00
anuja,file_29.docx,2023-01-21 00:02:00
nandhakumar,file_4.docx,2023-01-21 10:50:00
abimanyu,file_26.docx,2023-01-21 03:13:00
jeeva,file_30.docx,2023-01-21 21:55:00
anuja,file_10.docx,2023-01-21 23:37:00
rahul,file_5.docx,2023-01-21 01:47:00
udhaya,file_42.docx,2023-01-22 00:30:00
thangakumar,file_3.docx,2023-01-22 07:44:00
ajeeth,file_1.docx,2023-01-22 05:40:00
abimanyu,file_20.docx,2023-01-22 03:29:00
thangakumar,file_11.docx,2023-01-22 18:04:00
arun,file_8.docx,2023-01-22 15:38:00
thangakumar,file_15.docx,2023-01-22 02:51:00
bharathkumar,file_28.docx,2023-01-22 10:51:00
balaji,file_21.docx,2023-01-22 03:43:00
sandhana,file_35.docx,2023-01-22 04:20:00
bharathkumar,file_49.docx,2023-01-22 01:37:00
bharani,file_22.docx,2023-01-22 02:07:00
maha,file_10.docx,2023-01-22 13:10:00
dhamu,file_36.docx,2023-01-22 05:28:00
rahul,file_38.docx,2023-01-22 01:08:00
arun,file_41.docx,2023-01-22 19:24:00
bharani,file_2.docx,2023-01-22 15:05:00
user1,file_1.docx,2023-01-22 05:59:00
abishek,file_46.docx,2023-01-22 20:37:00
sanjay,file_27.docx,2023-01-22 22:51:00
udhaya,file_45.docx,2023-01-22 04:13:00
ajeeth,file_41.docx,2023-01-22 08:33:00
karthi,file_27.docx,2023-01-22 07:11:00
thangakumar,file_45.docx,2023-01-22 01:38:00
bharani,file_46.docx,2023-01-22 15:39:00
abishek,file_41.docx,2023-01-22 09:22:00
priya,file_1.docx,2023-01-22 17:15:00
bharathkumar,file_8.docx,2023-01-22 16:06:00
thangakumar,file_24.docx,2023-01-22 17:32:00
rahul,file_30.docx,2023-01-22 20:42:00
bharathkumar,file_18.docx,2023-01-22 01:12:00
arun,file_10.docx,2023-01-22 21:54:00
udhaya,file_32.docx,2023-01-22 05:10:00
abimanyu,file_4.docx,2023-01-22 20:23:00
sanjay,file_14.docx,2023-01-22 13:16:00
nandhakumar,file_40.docx,2023-01-22 14:02:00
arun,file_48.docx,2023-01-22 01:59:00
anuja,file_12.docx,2023-01-22 05:50:00
user1,file_32.docx,2023-01-22 16:07:00
abishek,file_16.docx,2023-01-22 23:28:00
sandhana,file_38.docx,2023-01-22 10:26:00
bharathkumar,file_48.docx,2023-01-22 21:57:00
nandhakumar,file_15.docx,2023-01-22 03:20:00
rahul,file_7.docx,2023-01-22 07:47:00
priya,file_13.docx,2023-01-22 12:57:00
rahul,file_5.docx,2023-01-22 15:37:00
udhaya,file_4.docx,2023-01-22 13:09:00
bharathkumar,file_40.docx,2023-01-22 14:11:00
balaji,file_24.docx,2023-01-22 04:29:00
bharathkumar,file_41.docx,2023-01-22 11:17:00
bharathkumar,file_22.docx,2023-01-22 04:02:00
sandhana,file_4.docx,2023-01-22 08:08:00
arun,file_30.docx,2023-01-22 14:26:00
bharani,file_49.docx,2023-01-22 10:14:00
sanjay,file_39.docx,2023-01-22 05:50:00
thangakumar,file_11.docx,2023-01-22 18:35:00
rahul,file_6.docx,2023-01-22 13:54:00
jeeva,file_32.docx,2023-01-22 06:37:00
udhaya,file_30.docx,2023-01-22 08:00:00
priya,file_48.docx,2023-01-23 07:15:00
nandhakumar,file_28.docx,2023-01-23 18:14:00
sandhana,file_10.docx,2023-01-23 18:57:00
user1,file_27.docx,2023-01-23 01:02:00
udhaya,file_47.docx,2023-01-23 16:02:00
priya,file_34.docx,2023-01-23 12:30:00
arun,file_29.docx,2023-01-23 15:15:00
abishek,file_36.docx,2023-01-23 00:44:00
priya,file_14.docx,2023-01-23 04:22:00
sanjay,file_16.docx,2023-01-23 20:05:00
user1,file_31.docx,2023-01-23 21:19:00
bharani,file_46.docx,2023-01-23 14:54:00
sandhana,file_48.docx,2023-01-23 18:01:00
karthi,file_30.docx,2023-01-23 04:55:00
balaji,file_12.docx,2023-01-23 11:40:00
karthi,file_46.docx,2023-01-23 20:00:00
abishek,file_25.docx,2023-01-23 22:21:00
jeeva,file_3.docx,2023-01-23 09:27:00
maha,file_45.docx,2023-01-23 19:34:00
sandhana,file_14.docx,2023-01-23 21:05:00
thangakumar,file_22.docx,2023-01-23 23:59:00
abimanyu,file_33.docx,2023-01-23 21:23:00
abimanyu,file_8.docx,2023-01-23 12:23:00
karthi,file_40.docx,2023-01-23 01:23:00
dhamu,file_12.docx,2023-01-23 20:35:00
abishek,file_36.docx,2023-01-23 22:49:00
bharathkumar,file_9.docx,2023-01-23 10:15:00
anuja,file_8.docx,2023-01-23 20:30:00
sandhana,file_45.docx,2023-01-23 06:48:00
rahul,file_21.docx,2023-01-23 11:57:00
maha,file_33.docx,2023-01-23 21:27:00
maha,file_4.docx,2023-01-23 02:23:00
dhamu,file_29.docx,2023-01-23 15:32:00
jeeva,file_8.docx,2023-01-23 15:45:00
anuja,file_44.docx,2023-01-23 17:57:00
sanjay,file_29.docx,2023-01-23 19:23:00
abishek,file_13.docx,2023-01-23 14:05:00
abishek,file_26.docx,2023-01-23 05:18:00
abishek,file_7.docx,2023-01-23 05:17:00
arun,file_45.docx,2023-01-23 04:31:00
ajeeth,file_14.docx,2023-01-23 16:40:00
user1,file_19.docx,2023-01-23 13:43:00
anuja,file_9.docx,2023-01-23 15:22:00
priya,file_29.docx,2023-01-23 23:41:00
user1,file_19.docx,2023-01-23 06:04:00
user1,file_15.docx,2023-01-23 16:41:00
nandhakumar,file_27.docx,2023-01-23 18:21:00
nandhakumar,file_32.docx,2023-01-23 18:42:00
jeeva,file_36.docx,2023-01-23 14:29:00
sanjay,file_37.docx,2023-01-23 04:57:00
sanjay,file_11.docx,2023-01-23 08:14:00
udhaya,file_24.docx,2023-01-23 09:49:00
abimanyu,file_10.docx,2023-01-23 11:18:00
karthi,file_11.docx,2023-01-23 19:59:00
bharani,file_46.docx,2023-01-23 17:18:00
bharani,file_12.docx,2023-01-23 22:44:00
ajeeth,file_11.docx,2023-01-23 07:07:00
abimanyu,file_21.docx,2023-01-23 18:08:00
karthi,file_17.docx,2023-01-23 11:11:00
bharathkumar,file_36.docx,2023-01-23 22:02:00
nandhakumar,file_23.docx,2023-01-23 04:23:00
karthi,file_35.docx,2023-01-23 05:34:00
sanjay,file_8.docx,2023-01-23 00:25:00
udhaya,file_50.docx,2023-01-23 04:29:00
nandhakumar,file_10.docx,2023-01-23 00:47:00
anuja,file_33.docx,2023-01-23 10:41:00
sanjay,file_31.docx,2023-01-23 09:48:00
sandhana,file_43.docx,2023-01-23 04:51:00
sandhana,file_47.docx,2023-01-23 14:21:00
arun,file_47.docx,2023-01-23 15:57:00
abimanyu,file_9.docx,2023-01-23 21:35:00
arun,file_20.docx,2023-01-23 00:25:00
thangakumar,file_15.docx,2023-01-23 14:22:00
abishek,file_21.docx,2023-01-23 01:38:00
bharathkumar,file_38.docx,2023-01-23 16:14:00
maha,file_13.docx,2023-01-23 00:05:00
anuja,file_29.docx,2023-01-23 21:42:00
abishek,file_33.docx,2023-01-23 12:12:00
udhaya,file_21.docx,2023-01-23 19:38:00
jeeva,file_4.docx,2023-01-23 21:23:00
balaji,file_10.docx,2023-01-23 22:54:00
priya,file_24.docx,2023-01-23 12:23:00
user1,file_19.docx,2023-01-23 11:22:00
sanjay,file_29.docx,2023-01-23 17:05:00
bharathkumar,file_47.docx,2023-01-23 14:47:00
priya,file_29.docx,2023-01-23 09:10:00
priya,file_47.docx,2023-01-23 13:08:00
sandhana,file_39.docx,2023-01-23 02:09:00
bharathkumar,file_20.docx,2023-01-23 15:55:00
jeeva,file_22.docx,2023-01-23 02:59:00
sandhana,file_49.docx,2023-01-23 12:05:00
user1,file_27.docx,2023-01-23 20:58:00
maha,file_27.docx,2023-01-23 05:35:00
karthi,file_46.docx,2023-01-23 18:48:00
ajeeth,file_13.docx,2023-01-23 05:53:00
balaji,file_19.docx,2023-01-23 17:31:00
sanjay,file_38.docx,2023-01-24 09:31:00
anuja,file_48.docx,2023-01-24 14:14:00
user1,file_1.docx,2023-01-24 04:16:00
sanjay,file_41.docx,2023-01-24 20:30:00
arun,file_42.docx,2023-01-24 21:57:00
sanjay,file_27.docx,2023-01-24 05:31:00
rahul,file_2.docx,2023-01-24 03:48:00
maha,file_32.docx,2023-01-24 02:38:00
dhamu,file_38.docx,2023-01-24 15:36:00
priya,file_17.docx,2023-01-24 20:43:00
udhaya,file_45.docx,2023-01-24 03:23:00
jeeva,file_47.docx,2023-01-24 18:01:00
maha,file_11.docx,2023-01-24 18:03:00
ajeeth,file_21.docx,2023-01-24 14:56:00
ajeeth,file_23.docx,2023-01-24 05:03:00
maha,file_24.docx,2023-01-24 13:40:00
dhamu,file_4.docx,2023-01-24 09:18:00
jeeva,file_41.docx,2023-01-24 02:32:00
bharathkumar,file_50.docx,2023-01-24 20:11:00
arun,file_39.docx,2023-01-24 05:34:00
nandhakumar,file_21.docx,2023-01-24 21:51:00
sanjay,file_18.docx,2023-01-24 21:44:00
dhamu,file_7.docx,2023-01-24 17:37:00
dhamu,file_10.docx,2023-01-24 00:08:00
jeeva,file_19.docx,2023-01-24 11:49:00
udhaya,file_27.docx,2023-01-24 10:58:00
bharani,file_7.docx,2023-01-24 06:09:00
jeeva,file_15.docx,2023-01-24 06:50:00
anuja,file_40.docx,2023-01-24 22:53:00
jeeva,file_35.docx,2023-01-24 22:35:00
arun,file_27.docx,2023-01-24 14:58:00
abishek,file_8.docx,2023-01-24 04:59:00
user1,file_31.docx,2023-01-24 11:19:00
dhamu,file_9.docx,2023-01-24 14:56:00
thangakumar,file_34.docx,2023-01-24 10:11:00
sanjay,file_2.docx,2023-01-24 23:52:00
arun,file_15.docx,2023-01-24 04:54:00
ajeeth,file_45.docx,2023-01-24 07:19:00
ajeeth,file_14.docx,2023-01-24 04:05:00
priya,file_45.docx,2023-01-24 03:04:00
user1,file_50.docx,2023-01-24 15:48:00
priya,file_3.docx,2023-01-24 06:06:00
abimanyu,file_43.docx,2023-01-24 16:37:00
abimanyu,file_31.docx,2023-01-24 03:58:00
maha,file_3.docx,2023-01-24 02:19:00
user1,file_49.docx,2023-01-24 03:50:00
arun,file_39.docx,2023-01-24 06:37:00
bharathkumar,file_12.docx,2023-01-24 21:22:00
user1,file_6.docx,2023-01-24 04:54:00
maha,file_38.docx,2023-01-24 11:22:00
bharani,file_33.docx,2023-01-24 23:39:00
rahul,file_33.docx,2023-01-24 18:04:00
sandhana,file_49.docx,2023-01-25 00:33:00
bharathkumar,file_46.docx,2023-01-25 06:18:00
bharani,file_49.docx,2023-01-25 17:00:00
arun,file_14.docx,2023-01-25 16:54:00
udhaya,file_24.docx,2023-01-25 22:37:00
bharani,file_29.docx,2023-01-25 21:06:00
bharani,file_23.docx,2023-01-25 12:27:00
bharathkumar,file_33.docx,2023-01-25 07:26:00
arun,file_49.docx,2023-01-25 10:07:00
karthi,file_8.docx,2023-01-25 16:08:00
udhaya,file_49.docx,2023-01-25 11:45:00
sanjay,file_36.docx,2023-01-25 23:02:00
abishek,file_21.docx,2023-01-25 15:07:00
balaji,file_19.docx,2023-01-25 14:38:00
sanjay,file_44.docx,2023-01-25 14:14:00
anuja,file_27.docx,2023-01-25 09:54:00
priya,file_13.docx,2023-01-25 02:57:00
udhaya,file_44.docx,2023-01-25 11:11:00
user1,file_44.docx,2023-01-25 15:43:00
arun,file_26.docx,2023-01-25 14:33:00
abishek,file_8.docx,2023-01-25 04:25:00
balaji,file_45.docx,2023-01-25 18:06:00
bharani,file_5.docx,2023-01-25 11:12:00
nandhakumar,file_13.docx,2023-01-25 19:54:00
balaji,file_8.docx,2023-01-25 07:53:00
priya,file_47.docx,2023-01-25 15:17:00
sandhana,file_38.docx,2023-01-25 08:48:00
balaji,file_23.docx,2023-01-25 15:42:00
thangakumar,file_26.docx,2023-01-25 15:32:00
maha,file_10.docx,2023-01-25 14:06:00
arun,file_17.docx,2023-01-25 15:31:00
rahul,file_41.docx,2023-01-25 04:01:00
arun,file_48.docx,2023-01-25 01:53:00
abishek,file_32.docx,2023-01-25 21:01:00
bharani,file_25.docx,2023-01-25 19:43:00
nandhakumar,file_10.docx,2023-01-25 09:39:00
thangakumar,file_7.docx,2023-01-25 02:42:00
jeeva,file_50.docx,2023-01-25 15:50:00
karthi,file_13.docx,2023-01-25 09:42:00
udhaya,file_32.docx,2023-01-25 16:16:00
anuja,file_22.docx,2023-01-25 17:34:00
user1,file_49.docx,2023-01-25 01:27:00
arun,file_25.docx,2023-01-25 14:20:00
balaji,file_29.docx,2023-01-25 14:02:00
abimanyu,file_12.docx,2023-01-25 17:42:00
sanjay,file_46.docx,2023-01-25 05:31:00
priya,file_9.docx,2023-01-25 09:45:00
balaji,file_32.docx,2023-01-25 03:36:00
udhaya,file_43.docx,2023-01-25 17:43:00
anuja,file_37.docx,2023-01-25 15:30:00
anuja,file_11.docx,2023-01-25 16:03:00
balaji,file_17.docx,2023-01-25 15:37:00
balaji,file_40.docx,2023-01-25 21:22:00
sanjay,file_21.docx,2023-01-25 01:01:00
sandhana,file_3.docx,2023-01-25 04:53:00
dhamu,file_23.docx,2023-01-25 23:37:00
nandhakumar,file_25.docx,2023-01-26 03:27:00
dhamu,file_23.docx,2023-01-26 13:22:00
abimanyu,file_43.docx,2023-01-26 07:15:00
rahul,file_42.docx,2023-01-26 09:37:00
abishek,file_45.docx,2023-01-26 02:55:00
sanjay,file_8.docx,2023-01-26 10:10:00
user1,file_35.docx,2023-01-26 10:02:00
karthi,file_43.docx,2023-01-26 13:36:00
jeeva,file_27.docx,2023-01-26 08:01:00
udhaya,file_38.docx,2023-01-26 00:20:00
balaji,file_37.docx,2023-01-26 12:20:00
sandhana,file_7.docx,2023-01-26 15:06:00
bharathkumar,file_22.docx,2023-01-26 15:32:00
nandhakumar,file_11.docx,2023-01-26 19:19:00
dhamu,file_28.docx,2023-01-26 06:31:00
abishek,file_35.docx,2023-01-26 06:18:00
maha,file_4.docx,2023-01-26 09:36:00
balaji,file_15.docx,2023-01-26 19:47:00
abishek,file_46.docx,2023-01-26 18:06:00
sandhana,file_22.docx,2023-01-26 08:04:00
sandhana,file_34.docx,2023-01-26 15:27:00
bharathkumar,file_23.docx,2023-01-26 02:41:00
sanjay,file_33.docx,2023-01-26 09:27:00
anuja,file_21.docx,2023-01-26 06:26:00
balaji,file_17.docx,2023-01-26 19:32:00
karthi,file_43.docx,2023-01-26 17:11:00
user1,file_41.docx,2023-01-26 22:33:00
bharani,file_37.docx,2023-01-26 15:13:00
karthi,file_18.docx,2023-01-26 20:34:00
thangakumar,file_50.docx,2023-01-26 13:59:00
sandhana,file_47.docx,2023-01-26 20:03:00
jeeva,file_13.docx,2023-01-26 11:29:00
ajeeth,file_16.docx,2023-01-26 04:47:00
sanjay,file_28.docx,2023-01-26 13:20:00
abishek,file_41.docx,2023-01-26 06:54:00
priya,file_18.docx,2023-01-26 09:41:00
bharani,file_17.docx,2023-01-26 21:38:00
rahul,file_26.docx,2023-01-26 07:07:00
ajeeth,file_13.docx,2023-01-26 00:15:00
sanjay,file_30.docx,2023-01-26 15:35:00
priya,file_28.docx,2023-01-26 20:57:00
abimanyu,file_13.docx,2023-01-26 05:17:00
ajeeth,file_2.docx,2023-01-26 08:50:00
maha,file_43.docx,2023-01-26 17:11:00
abimanyu,file_47.docx,2023-01-26 15:50:00
user1,file_4.docx,2023-01-26 02:20:00
thangakumar,file_20.docx,2023-01-26 02:57:00
priya,file_24.docx,2023-01-26 21:42:00
abishek,file_26.docx,2023-01-26 23:53:00
ajeeth,file_16.docx,2023-01-26 03:36:00
jeeva,file_8.docx,2023-01-26 16:42:00
jeeva,file_17.docx,2023-01-27 15:56:00
abishek,file_16.docx,2023-01-27 19:07:00
nandhakumar,file_22.docx,2023-01-27 18:47:00
balaji,file_48.docx,2023-01-27 23:15:00
priya,file_14.docx,2023-01-27 04:06:00
bharani,file_14.docx,2023-01-27 08:28:00
priya,file_17.docx,2023-01-27 18:03:00
udhaya,file_35.docx,2023-01-27 11:44:00
arun,file_21.docx,2023-01-27 17:27:00
udhaya,file_44.docx,2023-01-27 07:17:00
ajeeth,file_24.docx,2023-01-27 15:45:00
dhamu,file_20.docx,2023-01-27 00:41:00
thangakumar,file_3.docx,2023-01-27 23:42:00
abimanyu,file_45.docx,2023-01-27 21:15:00
maha,file_36.docx,2023-01-27 12:19:00
dhamu,file_44.docx,2023-01-27 03:34:00
rahul,file_29.docx,2023-01-27 12:00:00
balaji,file_17.docx,2023-01-27 09:05:00
rahul,file_20.docx,2023-01-27 06:55:00
bharani,file_29.docx,2023-01-27 20:20:00
priya,file_3.docx,2023-01-27 08:55:00
abishek,file_50.docx,2023-01-27 15:30:00
priya,file_22.docx,2023-01-27 22:27:00
arun,file_11.docx,2023-01-27 22:16:00
jeeva,file_5.docx,2023-01-27 11:26:00
thangakumar,file_47.docx,2023-01-27 17:47:00
nandhakumar,file_30.docx,2023-01-27 22:01:00
abimanyu,file_42.docx,2023-01-27 20:11:00
karthi,file_42.docx,2023-01-27 04:00:00
balaji,file_13.docx,2023-01-27 20:19:00
nandhakumar,file_37.docx,2023-01-27 02:07:00
bharani,file_16.docx,2023-01-27 16:45:00
ajeeth,file_39.docx,2023-01-27 21:26:00
nandhakumar,file_29.docx,2023-01-27 15:55:00
ajeeth,file_17.docx,2023-01-27 05:43:00
sandhana,file_21.docx,2023-01-27 09:12:00
abishek,file_27.docx,2023-01-27 11:11:00
balaji,file_25.docx,2023-01-27 18:14:00
user1,file_2.docx,2023-01-27 17:41:00
thangakumar,file_41.docx,2023-01-27 07:58:00
abishek,file_30.docx,2023-01-27 06:16:00
bharani,file_4.docx,2023-01-27 12:39:00
priya,file_39.docx,2023-01-27 08:09:00
abishek,file_24.docx,2023-01-27 05:36:00
arun,file_1.docx,2023-01-27 22:33:00
priya,file_50.docx,2023-01-27 14:52:00
udhaya,file_8.docx,2023-01-27 07:45:00
bharathkumar,file_13.docx,2023-01-27 08:18:00
udhaya,file_25.docx,2023-01-27 04:27:00
bharathkumar,file_39.docx,2023-01-27 06:52:00
sanjay,file_47.docx,2023-01-27 21:12:00
priya,file_12.docx,2023-01-27 13:50:00
ajeeth,file_2.docx,2023-01-27 09:16:00
rahul,file_40.docx,2023-01-27 14:58:00
rahul,file_24.docx,2023-01-27 18:43:00
karthi,file_6.docx,2023-01-27 00:30:00
ajeeth,file_21.docx,2023-01-27 22:25:00
bharathkumar,file_46.docx,2023-01-27 12:45:00
priya,file_48.docx,2023-01-27 19:16:00
abishek,file_7.docx,2023-01-27 17:03:00
abimanyu,file_22.docx,2023-01-27 07:30:00
dhamu,file_39.docx,2023-01-27 21:51:00
thangakumar,file_46.docx,2023-01-27 23:51:00
abimanyu,file_1.docx,2023-01-27 08:32:00
thangakumar,file_25.docx,2023-01-27 09:25:00
dhamu,file_9.docx,2023-01-27 17:02:00
sandhana,file_12.docx,2023-01-27 08:10:00
jeeva,file_32.docx,2023-01-27 10:56:00
karthi,file_9.docx,2023-01-27 02:20:00
jeeva,file_28.docx,2023-01-27 04:16:00
arun,file_21.docx,2023-01-27 01:08:00
udhaya,file_18.docx,2023-01-27 23:23:00
priya,file_19.docx,2023-01-27 08:39:00
maha,file_34.docx,2023-01-27 10:27:00
bharani,file_21.docx,2023-01-27 23:31:00
ajeeth,file_36.docx,2023-01-27 21:40:00
karthi,file_4.docx,2023-01-27 06:09:00
abimanyu,file_15.docx,2023-01-27 05:02:00
udhaya,file_17.docx,2023-01-27 05:45:00
karthi,file_28.docx,2023-01-27 03:57:00
udhaya,file_3.docx,2023-01-27 14:22:00
anuja,file_32.docx,2023-01-27 14:31:00
arun,file_47.docx,2023-01-27 04:07:00
dhamu,file_6.docx,2023-01-27 06:55:00
sanjay,file_12.docx,2023-01-27 05:47:00
jeeva,file_18.docx,2023-01-27 18:57:00
sandhana,file_14.docx,2023-01-27 18:00:00
sandhana,file_12.docx,2023-01-28 13:58:00
abishek,file_16.docx,2023-01-28 15:43:00
arun,file_22.docx,2023-01-28 00:18:00
arun,file_26.docx,2023-01-28 11:37:00
arun,file_21.docx,2023-01-28 04:01:00
abishek,file_30.docx,2023-01-28 22:42:00
udhaya,file_30.docx,2023-01-28 20:17:00
thangakumar,file_43.docx,2023-01-28 00:21:00
abimanyu,file_42.docx,2023-01-28 19:28:00
nandhakumar,file_47.docx,2023-01-28 23:58:00
sandhana,file_9.docx,2023-01-28 06:55:00
abimanyu,file_42.docx,2023-01-28 09:20:00
abimanyu,file_48.docx,2023-01-28 02:35:00
thangakumar,file_25.docx,2023-01-28 02:25:00
maha,file_12.docx,2023-01-28 07:49:00
balaji,file_6.docx,2023-01-28 00:54:00
bharathkumar,file_11.docx,2023-01-28 12:49:00
balaji,file_19.docx,2023-01-28 20:48:00
ajeeth,file_8.docx,2023-01-28 09:31:00
priya,file_48.docx,2023-01-28 09:57:00
thangakumar,file_9.docx,2023-01-28 11:42:00
arun,file_24.docx,2023-01-28 16:12:00
udhaya,file_29.docx,2023-01-28 12:30:00
maha,file_37.docx,2023-01-28 19:27:00
abishek,file_49.docx,2023-01-28 13:51:00
dhamu,file_40.docx,2023-01-28 05:27:00
priya,file_6.docx,2023-01-28 01:32:00
nandhakumar,file_30.docx,2023-01-28 21:14:00
ajeeth,file_32.docx,2023-01-28 16:40:00
jeeva,file_6.docx,2023-01-28 09:29:00
priya,file_6.docx,2023-01-28 15:19:00
ajeeth,file_9.docx,2023-01-28 21:57:00
sanjay,file_16.docx,2023-01-28 16:27:00
sanjay,file_37.docx,2023-01-28 01:35:00
abishek,file_3.docx,2023-01-28 16:06:00
jeeva,file_28.docx,2023-01-28 13:06:00
karthi,file_43.docx,2023-01-28 23:36:00
maha,file_23.docx,2023-01-28 08:37:00
abishek,file_50.docx,2023-01-28 16:01:00
arun,file_48.docx,2023-01-28 21:29:00
bharani,file_12.docx,2023-01-28 12:02:00
abishek,file_27.docx,2023-01-28 22:19:00
nandhakumar,file_38.docx,2023-01-28 23:29:00
karthi,file_40.docx,2023-01-28 08:21:00
bharani,file_14.docx,2023-01-28 05:05:00
thangakumar,file_17.docx,2023-01-28 21:06:00
priya,file_35.docx,2023-01-28 00:00:00
balaji,file_8.docx,2023-01-28 00:10:00
udhaya,file_30.docx,2023-01-28 22:25:00
thangakumar,file_47.docx,2023-01-28 15:19:00
thangakumar,file_40.docx,2023-01-28 11:44:00
balaji,file_20.docx,2023-01-28 02:08:00
ajeeth,file_1.docx,2023-01-28 06:07:00
user1,file_45.docx,2023-01-28 06:54:00
user1,file_14.docx,2023-01-28 15:41:00
ajeeth,file_42.docx,2023-01-28 07:27:00
anuja,file_13.docx,2023-01-28 02:19:00
karthi,file_10.docx,2023-01-28 15:27:00
user1,file_8.docx,2023-01-28 05:57:00
ajeeth,file_48.docx,2023-01-28 22:28:00
udhaya,file_31.docx,2023-01-28 00:55:00
karthi,file_38.docx,2023-01-28 07:12:00
sanjay,file_37.docx,2023-01-28 12:03:00
nandhakumar,file_1.docx,2023-01-28 03:40:00
priya,file_27.docx,2023-01-28 15:47:00
sandhana,file_39.docx,2023-01-28 23:35:00
sanjay,file_3.docx,2023-01-28 15:25:00
udhaya,file_33.docx,2023-01-28 18:46:00
thangakumar,file_44.docx,2023-01-28 15:14:00
abimanyu,file_34.docx,2023-01-28 00:27:00
sandhana,file_21.docx,2023-01-28 17:04:00
maha,file_42.docx,2023-01-28 13:56:00
udhaya,file_8.docx,2023-01-28 15:39:00
dhamu,file_29.docx,2023-01-28 22:27:00
user1,file_11.docx,2023-01-28 09:46:00
bharathkumar,file_31.docx,2023-01-28 11:28:00
rahul,file_33.docx,2023-01-28 07:37:00
nandhakumar,file_39.docx,2023-01-28 22:42:00
karthi,file_9.docx,2023-01-28 09:46:00
balaji,file_27.docx,2023-01-28 21:41:00
dhamu,file_31.docx,2023-01-28 05:39:00
bharathkumar,file_19.docx,2023-01-28 22:47:00
abishek,file_43.docx,2023-01-28 15:08:00
bharathkumar,file_11.docx,2023-01-29 19:31:00
arun,file_27.docx,2023-01-29 15:19:00
rahul,file_14.docx,2023-01-29 17:03:00
user1,file_23.docx,2023-01-29 08:22:00
bharani,file_12.docx,2023-01-29 16:02:00
abishek,file_22.docx,2023-01-29 13:07:00
thangakumar,file_15.docx,2023-01-29 03:35:00
rahul,file_32.docx,2023-01-29 08:21:00
dhamu,file_50.docx,2023-01-29 01:49:00
anuja,file_18.docx,2023-01-29 04:54:00
jeeva,file_39.docx,2023-01-29 21:06:00
abimanyu,file_29.docx,2023-01-29 14:53:00
arun,file_7.docx,2023-01-29 19:39:00
arun,file_36.docx,2023-01-29 01:32:00
arun,file_11.docx,2023-01-29 20:07:00
bharathkumar,file_24.docx,2023-01-29 05:46:00
sanjay,file_46.docx,2023-01-29 14:48:00
jeeva,file_32.docx,2023-01-29 23:55:00
arun,file_10.docx,2023-01-29 20:23:00
nandhakumar,file_9.docx,2023-01-29 03:54:00
bharathkumar,file_29.docx,2023-01-29 13:49:00
user1,file_16.docx,2023-01-29 15:21:00
sanjay,file_33.docx,2023-01-29 05:05:00
maha,file_24.docx,2023-01-29 22:48:00
priya,file_24.docx,2023-01-29 20:42:00
rahul,file_10.docx,2023-01-29 16:26:00
rahul,file_9.docx,2023-01-29 13:26:00
priya,file_30.docx,2023-01-29 16:50:00
dhamu,file_2.docx,2023-01-29 14:09:00
user1,file_46.docx,2023-01-29 16:04:00
abishek,file_22.docx,2023-01-29 10:25:00
bharani,file_28.docx,2023-01-29 01:25:00
abimanyu,file_43.docx,2023-01-29 20:09:00
sandhana,file_4.docx,2023-01-29 20:45:00
jeeva,file_19.docx,2023-01-29 13:25:00
anuja,file_20.docx,2023-01-29 23:47:00
nandhakumar,file_23.docx,2023-01-29 00:52:00
maha,file_34.docx,2023-01-29 19:58:00
ajeeth,file_45.docx,2023-01-29 12:28:00
bharathkumar,file_35.docx,2023-01-29 19:50:00
thangakumar,file_42.docx,2023-01-29 14:44:00
dhamu,file_42.docx,2023-01-29 12:49:00
bharathkumar,file_20.docx,2023-01-29 02:02:00
anuja,file_22.docx,2023-01-29 12:46:00
ajeeth,file_34.docx,2023-01-29 17:18:00
bharathkumar,file_6.docx,2023-01-29 16:35:00
sanjay,file_34.docx,2023-01-29 10:48:00
bharani,file_2.docx,2023-01-29 00:56:00
anuja,file_38.docx,2023-01-29 08:15:00
sanjay,file_47.docx,2023-01-29 13:32:00
arun,file_47.docx,2023-01-29 01:53:00
dhamu,file_17.docx,2023-01-29 20:32:00
dhamu,file_8.docx,2023-01-29 01:48:00
arun,file_29.docx,2023-01-29 09:36:00
user1,file_30.docx,2023-01-29 10:15:00
sandhana,file_37.docx,2023-01-29 22:57:00
anuja,file_39.docx,2023-01-29 07:22:00
sanjay,file_19.docx,2023-01-29 21:50:00
sandhana,file_44.docx,2023-01-29 04:45:00
balaji,file_34.docx,2023-01-29 23:15:00
arun,file_21.docx,2023-01-29 16:37:00
dhamu,file_30.docx,2023-01-30 03:09:00
priya,file_27.docx,2023-01-30 02:05:00
abimanyu,file_28.docx,2023-01-30 04:30:00
bharathkumar,file_29.docx,2023-01-30 02:23:00
jeeva,file_26.docx,2023-01-30 18:35:00
jeeva,file_50.docx,2023-01-30 12:55:00
maha,file_38.docx,2023-01-30 15:40:00
priya,file_29.docx,2023-01-30 22:59:00
udhaya,file_47.docx,2023-01-30 13:52:00
bharani,file_10.docx,2023-01-30 16:08:00
udhaya,file_46.docx,2023-01-30 14:08:00
jeeva,file_34.docx,2023-01-30 03:44:00
bharathkumar,file_30.docx,2023-01-30 15:02:00
bharani,file_36.docx,2023-01-30 11:58:00
arun,file_39.docx,2023-01-30 13:07:00
arun,file_24.docx,2023-01-30 18:18:00
abimanyu,file_34.docx,2023-01-30 04:07:00
dhamu,file_20.docx,2023-01-30 11:19:00
sanjay,file_32.docx,2023-01-30 00:50:00
ajeeth,file_10.docx,2023-01-30 18:26:00
abimanyu,file_20.docx,2023-01-30 09:13:00
bharani,file_48.docx,2023-01-30 15:00:00
arun,file_36.docx,2023-01-30 11:04:00
abimanyu,file_27.docx,2023-01-30 15:36:00
sanjay,file_37.docx,2023-01-30 14:57:00
nandhakumar,file_25.docx,2023-01-30 15:53:00
thangakumar,file_9.docx,2023-01-30 04:32:00
karthi,file_49.docx,2023-01-30 14:42:00
karthi,file_10.docx,2023-01-30 23:20:00
abishek,file_40.docx,2023-01-30 21:39:00
priya,file_25.docx,2023-01-30 07:57:00
balaji,file_22.docx,2023-01-30 17:02:00
karthi,file_48.docx,2023-01-30 08:41:00
abishek,file_11.docx,2023-01-30 22:01:00
sandhana,file_41.docx,2023-01-30 22:19:00
anuja,file_42.docx,2023-01-30 03:41:00
anuja,file_6.docx,2023-01-30 06:39:00
anuja,file_37.docx,2023-01-30 01:36:00
jeeva,file_13.docx,2023-01-30 15:32:00
user1,file_8.docx,2023-01-30 21:59:00
anuja,file_12.docx,2023-01-30 00:17:00
bharathkumar,file_16.docx,2023-01-30 22:53:00
sandhana,file_29.docx,2023-01-30 02:51:00
anuja,file_39.docx,2023-01-30 10:25:00
sandhana,file_3.docx,2023-01-30 15:55:00
user1,file_22.docx,2023-01-30 13:11:00
priya,file_2.docx,2023-01-30 16:20:00
balaji,file_17.docx,2023-01-30 02:07:00
arun,file_35.docx,2023-01-30 05:18:00
ajeeth,file_12.docx,2023-01-30 08:49:00
abishek,file_10.docx,2023-01-30 09:26:00
bharani,file_4.docx,2023-01-30 19:20:00
bharani,file_2.docx,2023-01-30 22:03:00
sanjay,file_25.docx,2023-01-30 03:20:00
ajeeth,file_27.docx,2023-01-30 10:16:00
balaji,file_8.docx,2023-01-30 01:12:00
rahul,file_49.docx,2023-01-30 19:37:00
rahul,file_32.docx,2023-01-30 16:48:00
jeeva,file_25.docx,2023-01-30 03:17:00
abimanyu,file_21.docx,2023-01-30 14:35:00
priya,file_5.docx,2023-01-30 15:01:00
priya,file_41.docx,2023-01-30 07:58:00
dhamu,file_15.docx,2023-01-21 10:28:00
dhamu,file_39.docx,2023-01-21 10:34:00
dhamu,file_28.docx,2023-01-21 10:52:00
dhamu,file_14.docx,2023-01-21 10:08:00
dhamu,file_49.docx,2023-01-21 10:44:00
dhamu,file_12.docx,2023-01-21 10:59:00
dhamu,file_6.docx,2023-01-21 10:08:00
dhamu,file_38.docx,2023-01-21 10:55:00
dhamu,file_11.docx,2023-01-21 10:38:00
dhamu,file_1.docx,2023-01-21 10:47:00
dhamu,file_45.docx,2023-01-21 10:38:00
dhamu,file_16.docx,2023-01-21 10:07:00
dhamu,file_7.docx,2023-01-21 10:07:00
dhamu,file_45.docx,2023-01-21 10:18:00
dhamu,file_24.docx,2023-01-21 10:11:00
dhamu,file_16.docx,2023-01-21 10:09:00
dhamu,file_15.docx,2023-01-21 10:56:00
dhamu,file_5.docx,2023-01-21 10:20:00
dhamu,file_1.docx,2023-01-21 10:31:00
dhamu,file_31.docx,2023-01-21 10:54:00
dhamu,file_39.docx,2023-01-21 10:07:00
dhamu,file_40.docx,2023-01-21 10:11:00
dhamu,file_32.docx,2023-01-21 10:04:00
dhamu,file_35.docx,2023-01-21 10:18:00
dhamu,file_23.docx,2023-01-21 10:37:00
